Komoditas,no,name,level,Jan 2024,Feb 2024,Mar 2024,Apr 2024,May 2024,Jun 2024,Jul 2024,Aug 2024,Sep 2024,Oct 2024,Nov 2024,Dec 2024,Jan 2025,Feb 2025,Mar 2025,Apr 2025,May 2025,Jun 2025,Jul 2025,Aug 2025,Sep 2025,Oct 2025,Nov 2025,Dec 2025,Jan 2026,Feb 2026,Mar 2026,Apr 2026,Provinsi
Beras,II,Sumatera Selatan,1,"14,400","15,150","15,400","15,300","15,100","15,100","14,950","14,850","14,850","14,900","14,900","14,900","14,950","14,950","15,000","14,950","15,050","15,200","15,300","15,500","15,500","15,500","15,500","15,500","15,500","15,600","15,700","15,800",Sumatera
Daging Ayam,II,Sumatera Selatan,1,"31,850","34,750","35,950","35,850","35,400","34,350","31,900","31,250","30,700","34,550","34,150","34,300","34,900","32,400","32,500","30,450","30,300","31,600","33,500","32,300","36,400","36,600","36,150","38,000","37,250","37,700","38,700","36,200",Sumatera
Daging Sapi,II,Sumatera Selatan,1,"138,700","138,750","138,750","140,800","138,750","138,750","138,750","138,100","138,700","138,750","138,750","138,750","139,150","139,100","141,100","141,650","139,150","139,050","139,100","139,100","139,600","140,000","140,000","141,750","140,700","142,150","144,900","141,900",Sumatera
Telur Ayam,II,Sumatera Selatan,1,"26,450","27,300","29,400","28,450","28,800","28,450","28,050","27,300","26,700","27,100","27,050","28,200","27,800","27,700","28,350","27,700","27,250","27,350","27,800","27,800","27,800","28,700","29,200","29,800","30,000","29,800","29,950","29,500",Sumatera
Bawang Merah,II,Sumatera Selatan,1,"36,400","34,750","37,700","53,450","54,750","45,550","34,050","29,350","28,200","30,750","36,500","38,500","41,150","38,700","44,400","45,300","42,300","43,050","44,450","49,850","42,200","36,600","38,100","45,300","45,300","44,000","41,250","41,900",Sumatera
Bawang Putih,II,Sumatera Selatan,1,"39,000","36,800","40,100","45,150","43,100","41,400","38,800","39,350","38,550","39,500","41,450","41,900","42,550","42,600","47,300","47,550","42,800","42,250","39,200","39,200","36,450","36,300","36,000","40,400","38,800","39,900","39,300","41,050",Sumatera
Cabai Merah,II,Sumatera Selatan,1,"54,200","82,250","68,100","54,250","54,550","66,450","59,700","52,000","37,050","32,050","30,450","37,900","61,400","63,200","62,350","60,600","45,500","41,600","43,150","42,000","58,350","60,350","62,550","72,700","42,850","55,300","50,550","40,350",Sumatera
Cabai Rawit,II,Sumatera Selatan,1,"50,750","75,050","80,450","66,400","58,000","59,800","70,100","64,550","51,800","54,000","43,150","46,900","76,750","87,400","88,150","76,050","46,250","43,300","51,300","45,450","49,000","43,400","42,550","74,350","59,150","70,800","66,900","51,350",Sumatera
Minyak Goreng,II,Sumatera Selatan,1,"18,500","18,800","18,850","18,900","18,900","18,900","18,900","19,000","18,800","18,650","19,050","19,900","20,250","20,450","20,450","20,600","20,600","20,650","20,850","20,900","20,900","20,900","20,900","20,900","20,900","20,900","21,000","21,000",Sumatera
Gula Pasir,II,Sumatera Selatan,1,"16,600","17,050","17,150","17,500","18,550","18,500","18,300","18,100","17,900","17,900","17,900","18,100","18,250","18,150","18,250","18,250","18,250","18,250","18,250","18,250","18,250","18,250","18,250","18,250","18,250","18,250","18,550","18,800",Sumatera
Beras,II,Bengkulu,1,"14,950","15,450","15,900","15,700","15,200","15,150","15,150","15,200","15,250","15,200","15,200","15,150","15,150","15,200","15,250","15,300","15,300","15,400","15,550","15,650","15,550","15,550","15,500","15,500","15,500","15,450","15,400","15,450",Bengkulu
Daging Ayam,II,Bengkulu,1,"32,900","36,550","37,100","37,300","37,200","35,300","32,450","31,750","31,450","35,250","35,050","36,450","36,500","32,550","32,400","30,100","31,750","33,150","36,250","33,800","38,500","38,250","38,150","41,750","39,750","41,600","42,950","40,350",Bengkulu
Daging Sapi,II,Bengkulu,1,"135,650","135,650","136,550","136,200","135,300","135,300","135,400","135,300","135,300","135,300","135,700","135,300","135,250","135,150","135,300","135,300","134,750","134,850","134,700","134,700","134,700","134,700","134,700","135,850","135,750","136,850","142,450","146,500",Bengkulu
Telur Ayam,II,Bengkulu,1,"26,900","27,450","28,400","28,800","28,350","27,800","27,700","27,450","28,350","27,950","27,350","28,150","29,450","28,550","28,350","28,250","28,300","28,000","28,300","28,650","29,250","29,400","29,200","30,650","30,600","29,500","29,600","29,300",Bengkulu
Bawang Merah,II,Bengkulu,1,"37,400","34,900","38,950","52,350","56,550","45,200","33,300","26,250","27,950","30,650","39,800","42,550","40,650","40,000","45,000","48,900","46,100","43,600","51,350","54,550","41,450","40,700","41,700","47,350","41,950","41,100","40,300","44,950",Bengkulu
Bawang Putih,II,Bengkulu,1,"39,300","38,150","40,450","44,200","46,050","42,900","40,550","41,150","40,500","40,600","42,550","43,000","42,900","43,200","46,200","47,050","44,100","39,900","39,100","39,000","39,350","38,600","38,150","41,100","40,200","39,750","37,750","39,400",Bengkulu
Cabai Merah,II,Bengkulu,1,"47,050","67,200","61,150","45,800","53,100","57,700","44,200","42,350","31,600","24,150","23,900","31,200","51,550","51,300","42,400","47,800","38,500","33,600","33,200","37,900","60,500","59,700","61,550","64,250","36,650","42,950","36,250","31,800",Bengkulu
Cabai Rawit,II,Bengkulu,1,"34,200","49,650","62,150","49,000","45,250","45,600","51,850","47,200","37,050","36,300","27,900","31,300","50,600","62,350","57,250","46,100","31,900","33,500","38,400","34,300","36,100","31,950","32,250","52,250","52,450","55,050","46,100","40,200",Bengkulu
Minyak Goreng,II,Bengkulu,1,"17,100","17,200","17,300","17,750","17,800","17,800","18,050","18,150","18,200","18,250","18,550","19,000","19,950","20,050","20,100","20,100","20,050","19,950","19,800","19,750","19,650","19,500","19,500","19,850","20,050","20,150","20,200","20,900",Bengkulu
Gula Pasir,II,Bengkulu,1,"17,650","17,650","17,600","17,800","18,600","18,250","17,850","17,900","17,950","17,900","18,250","18,250","18,650","18,850","18,850","18,900","18,900","18,800","18,450","18,100","18,150","18,200","18,150","18,200","18,300","18,350","18,750","19,100",Bengkulu
Beras,II,Kalimantan Selatan,1,"17,750","18,000","18,600","18,600","18,850","18,700","18,600","18,550","18,350","18,300","18,000","17,600","17,300","17,050","17,100","17,100","17,100","17,200","17,300","17,400","17,450","17,450","17,450","17,550","17,750","17,850","18,100","18,450",Kalimantan
Daging Ayam,II,Kalimantan Selatan,1,"46,550","42,500","42,950","45,850","46,350","45,400","42,900","41,150","41,050","41,200","42,950","43,400","44,700","42,900","43,500","43,000","42,250","40,450","41,500","40,700","42,450","43,850","40,750","42,100","43,200","45,300","47,950","44,000",Kalimantan
Daging Sapi,II,Kalimantan Selatan,1,"159,100","158,900","158,500","161,200","163,350","163,350","163,950","164,550","163,800","164,150","164,150","163,850","163,900","162,850","163,800","164,250","164,150","165,100","164,150","164,150","164,100","163,350","163,250","162,900","162,900","162,900","164,250","163,850",Kalimantan
Telur Ayam,II,Kalimantan Selatan,1,"30,500","31,200","33,100","31,950","32,000","32,350","31,900","30,400","29,250","29,850","29,750","30,150","31,100","30,150","30,500","30,200","29,850","30,200","30,350","30,150","30,500","32,350","32,650","32,350","32,350","32,050","33,500","32,750",Kalimantan
Bawang Merah,II,Kalimantan Selatan,1,"38,000","33,200","29,700","46,800","45,500","40,700","32,200","24,050","28,050","27,550","37,850","41,550","36,100","31,500","39,200","43,600","37,500","49,450","48,600","55,650","40,350","37,750","39,150","51,000","45,500","38,850","41,250","47,350",Kalimantan
Bawang Putih,II,Kalimantan Selatan,1,"38,800","37,250","40,300","42,900","40,950","40,500","38,450","38,900","39,050","39,150","40,000","40,700","40,600","41,150","42,200","42,550","40,450","38,550","38,250","37,600","36,400","35,950","35,800","36,750","37,300","36,750","36,850","37,100",Kalimantan
Cabai Merah,II,Kalimantan Selatan,1,"61,050","69,950","67,450","46,450","45,800","54,000","41,650","37,150","33,050","28,000","26,150","42,250","62,350","56,150","70,300","68,200","58,950","55,350","51,200","45,750","47,700","35,500","54,050","60,650","37,500","39,750","52,700","44,500",Kalimantan
Cabai Rawit,II,Kalimantan Selatan,1,"45,150","44,800","52,450","41,550","36,000","41,500","49,200","49,150","36,500","32,400","32,850","37,000","57,600","58,150","74,350","66,400","43,300","47,150","56,200","37,750","35,550","28,750","31,250","50,500","42,250","55,300","64,900","61,500",Kalimantan
Minyak Goreng,II,Kalimantan Selatan,1,"19,450","19,300","19,450","19,400","19,450","19,350","19,400","19,550","19,550","19,600","19,750","20,100","19,900","19,900","20,350","20,850","21,150","21,200","21,050","21,050","21,050","21,050","21,050","21,050","21,050","21,100","21,050","21,350",Kalimantan
Gula Pasir,II,Kalimantan Selatan,1,"17,600","17,700","17,800","18,050","18,750","18,600","18,550","18,400","18,500","18,650","18,650","18,550","18,600","18,650","18,800","18,800","18,800","19,000","19,000","18,800","18,700","18,700","18,700","18,700","18,900","18,950","19,250","19,900",Kalimantan
Beras,II,Lampung,1,"13,750","14,400","14,700","14,600","14,000","13,950","14,050","14,200","14,350","14,400","14,500","14,500","14,550","14,500","14,700","14,700","14,500","14,550","14,750","14,800","14,800","14,800","14,750","14,650","14,750","14,850","14,850","14,850",Lampung
Daging Ayam,II,Lampung,1,"31,700","32,600","34,350","33,500","32,000","31,950","31,350","29,850","29,500","31,550","31,800","31,400","31,450","30,550","30,800","28,950","28,500","30,000","30,200","29,600","33,450","33,750","33,800","35,700","33,950","34,850","35,750","33,700",Lampung
Daging Sapi,II,Lampung,1,"129,400","129,400","131,650","137,050","131,150","130,350","130,650","130,650","130,650","130,550","130,650","130,650","130,650","130,800","134,400","133,450","128,850","128,750","128,750","128,750","128,750","128,750","129,150","129,600","130,000","132,200","137,800","133,750",Lampung
Telur Ayam,II,Lampung,1,"26,150","27,200","29,550","28,850","28,950","28,700","28,500","27,300","26,050","26,550","26,700","28,050","28,350","28,200","28,700","27,650","27,250","27,500","28,150","28,300","27,900","29,050","29,100","29,100","29,100","29,450","30,100","29,100",Lampung
Bawang Merah,II,Lampung,1,"30,300","28,550","29,000","48,850","47,400","36,400","26,150","20,850","22,650","25,600","35,150","36,650","33,200","29,900","45,300","46,600","37,850","39,600","46,050","46,100","35,900","36,900","37,850","41,550","36,000","38,700","37,900","39,550",Lampung
Bawang Putih,II,Lampung,1,"35,450","35,500","38,100","42,250","42,150","39,200","38,150","38,300","38,450","38,700","39,700","41,200","41,350","42,000","44,850","45,900","41,250","38,100","37,300","36,250","33,900","33,350","33,450","34,650","35,750","36,600","35,850","35,200",Lampung
Cabai Merah,II,Lampung,1,"62,150","80,750","63,700","40,900","45,800","52,200","43,450","41,700","29,550","25,300","25,050","41,600","64,050","52,600","49,000","56,300","41,250","38,350","39,100","38,450","53,850","54,450","60,150","59,600","39,100","40,950","37,700","35,200",Lampung
Cabai Rawit,II,Lampung,1,"45,650","52,850","53,500","37,750","34,250","41,450","54,250","54,400","40,000","40,600","32,500","38,850","72,800","68,600","67,800","57,700","34,600","45,500","52,650","37,700","38,200","32,950","36,450","66,150","55,700","60,700","59,600","52,050",Lampung
Minyak Goreng,II,Lampung,1,"17,250","17,350","17,650","17,900","17,850","17,500","17,600","17,750","17,750","17,900","18,700","19,750","20,350","20,250","20,200","20,200","20,100","19,950","19,900","19,850","19,900","19,850","19,800","19,700","19,700","19,950","20,450","21,250",Lampung
Gula Pasir,II,Lampung,1,"16,700","16,750","16,950","17,550","18,250","17,750","17,850","17,900","17,850","17,950","17,900","18,000","18,250","18,550","18,550","18,550","18,500","18,250","18,400","18,400","18,300","18,150","18,100","18,100","18,150","18,300","18,850","19,150",Lampung
Beras,II,Papua Barat,1,"15,600","15,750","16,200","16,500","16,800","16,900","16,750","16,550","16,650","16,450","16,350","16,400","16,400","16,450","16,450","16,550","16,700","16,800","16,950","16,950","16,900","16,950","16,900","16,850","16,800","16,800","16,850","16,850",Papua
Daging Ayam,II,Papua Barat,1,"48,400","46,700","47,700","48,450","48,800","49,550","50,500","52,200","49,100","49,550","49,050","51,050","50,300","48,350","47,550","46,150","46,150","45,850","44,100","44,300","46,450","44,150","49,450","57,750","56,650","52,500","51,100","52,600",Papua
Daging Sapi,II,Papua Barat,1,"147,500","147,500","147,500","149,100","147,500","147,500","147,550","147,500","147,500","147,500","147,500","149,100","147,950","147,650","148,950","147,950","147,500","147,500","147,500","147,500","147,500","147,500","147,500","149,250","147,950","147,500","151,150","152,500",Papua
Telur Ayam,II,Papua Barat,1,"37,600","35,450","37,400","38,200","37,050","37,100","36,250","36,000","35,150","35,000","35,800","36,800","37,900","35,100","36,200","35,200","34,000","34,050","35,200","35,200","35,350","36,150","37,300","39,250","39,150","37,650","38,900","37,600",Papua
Bawang Merah,II,Papua Barat,1,"56,850","54,700","51,400","59,100","62,500","60,200","53,100","43,000","43,950","45,450","52,400","58,050","56,400","51,900","55,900","58,800","52,250","53,850","60,400","73,100","60,000","54,650","55,150","68,150","64,550","57,800","61,200","63,900",Papua
Bawang Putih,II,Papua Barat,1,"56,150","53,350","50,750","55,700","58,750","59,150","54,250","50,800","51,950","51,450","52,000","53,250","54,550","52,150","54,700","57,600","55,000","52,300","52,500","55,350","52,150","52,400","50,550","53,500","52,850","52,650","52,650","52,500",Papua
Cabai Merah,II,Papua Barat,1,"53,300","49,850","55,300","75,450","58,950","73,400","78,750","69,900","54,050","46,100","39,600","47,600","52,850","53,250","55,850","60,750","63,750","60,150","63,150","61,650","51,850","48,350","55,000","73,150","66,950","55,650","76,950","69,550",Papua
Cabai Rawit,II,Papua Barat,1,"76,500","59,950","56,350","72,600","70,050","81,150","110,200","98,300","83,950","77,450","74,350","77,250","81,150","58,300","54,900","71,900","71,700","69,450","96,900","86,950","72,800","67,350","73,750","124,950","84,900","72,250","113,900","96,600",Papua
Minyak Goreng,II,Papua Barat,1,"23,750","23,500","23,550","23,800","22,850","22,350","22,350","22,350","22,300","22,550","23,350","23,450","23,350","22,850","23,300","23,750","23,800","23,750","23,400","23,500","23,500","23,650","23,850","23,850","23,800","24,050","23,800","23,850",Papua
Gula Pasir,II,Papua Barat,1,"19,750","19,700","19,750","19,900","19,900","19,850","20,100","20,150","20,150","20,200","20,450","20,600","20,800","20,950","21,200","21,350","21,350","21,250","20,900","20,950","20,700","20,700","20,750","20,750","20,750","20,500","20,550","20,750",Papua
Beras,II,Sulawesi Tenggara,1,"14,150","14,700","16,200","15,750","15,200","15,050","15,150","15,000","14,800","14,800","14,700","14,700","14,850","14,950","15,050","15,150","15,300","15,700","16,400","16,500","16,450","15,900","15,600","15,550","15,500","15,450","15,500","15,650",Sulawesi
Daging Ayam,II,Sulawesi Tenggara,1,"36,350","35,950","35,950","36,200","36,350","34,700","33,600","32,950","33,550","33,650","34,950","38,950","37,800","35,950","35,450","36,200","34,200","35,200","33,650","32,850","34,200","35,650","35,600","37,700","37,750","37,700","39,600","39,000",Sulawesi
Daging Sapi,II,Sulawesi Tenggara,1,"138,150","138,150","138,150","139,000","138,450","138,450","138,450","138,450","138,450","138,450","138,450","138,450","138,450","138,500","139,400","139,400","139,400","139,150","137,650","136,900","136,900","136,900","136,900","136,900","136,900","136,900","139,900","139,700",Sulawesi
Telur Ayam,II,Sulawesi Tenggara,1,"29,650","30,400","33,200","33,700","33,150","32,300","31,450","30,950","31,200","31,600","30,200","30,600","30,600","30,400","31,950","31,800","31,500","31,000","30,850","30,950","31,500","32,200","31,850","32,200","32,600","32,750","35,650","35,300",Sulawesi
Bawang Merah,II,Sulawesi Tenggara,1,"46,550","44,800","41,750","50,350","54,050","47,550","38,550","33,050","31,600","32,650","40,700","45,250","44,400","41,300","47,550","48,700","44,250","50,000","50,700","58,000","52,550","44,400","43,700","55,200","51,400","45,000","45,600","51,350",Sulawesi
Bawang Putih,II,Sulawesi Tenggara,1,"45,300","45,200","47,650","50,500","52,850","50,850","49,700","48,700","49,150","48,900","48,250","48,450","49,750","50,000","50,050","50,000","50,000","48,400","46,650","46,550","45,150","44,500","44,400","45,800","46,250","45,950","46,100","46,250",Sulawesi
Cabai Merah,II,Sulawesi Tenggara,1,"58,600","52,800","60,550","44,700","46,300","68,200","51,100","42,500","38,000","28,950","26,200","32,500","44,250","48,800","68,050","64,750","56,900","61,050","51,350","48,100","46,100","41,050","46,450","48,500","32,750","36,350","42,300","39,700",Sulawesi
Cabai Rawit,II,Sulawesi Tenggara,1,"107,100","71,700","69,900","57,150","60,650","70,150","63,900","64,650","52,850","48,750","49,000","48,400","54,000","62,600","93,100","83,600","69,200","76,200","102,650","83,100","59,350","55,050","54,550","63,550","47,200","51,600","61,650","55,150",Sulawesi
Minyak Goreng,II,Sulawesi Tenggara,1,"20,600","20,300","20,250","20,200","20,300","20,100","20,050","20,100","20,300","20,450","20,650","20,950","21,150","21,300","21,350","21,800","22,250","22,300","22,300","22,300","22,250","22,250","22,250","22,300","22,400","22,350","22,400","23,200",Sulawesi
Gula Pasir,II,Sulawesi Tenggara,1,"19,100","19,150","20,000","20,100","20,350","20,250","20,000","19,750","19,800","19,850","19,800","19,850","20,300","20,900","21,250","21,100","20,950","20,950","20,800","20,650","20,300","20,100","20,200","20,250","20,350","20,500","20,600","20,950",Sulawesi
Beras,II,Gorontalo,1,"14,550","15,250","17,650","15,900","14,750","14,500","14,400","14,700","14,750","14,600","14,500","14,550","14,550","14,700","14,750","14,750","14,750","15,400","16,300","16,900","16,800","16,450","15,950","15,550","15,250","15,200","15,100","15,100",Gorontalo
Daging Ayam,II,Gorontalo,1,"30,050","31,200","33,250","32,000","29,250","29,000","29,900","27,900","26,200","28,650","30,350","32,650","33,750","27,750","31,700","32,700","29,900","28,700","28,700","28,750","29,450","31,300","33,500","37,500","36,050","36,100","35,350","37,150",Gorontalo
Daging Sapi,II,Gorontalo,1,"131,850","131,900","132,150","135,800","135,000","135,050","132,500","132,500","132,500","132,500","132,500","132,500","132,500","132,500","135,600","133,650","132,500","132,500","132,500","132,750","137,500","137,500","137,500","137,450","137,250","138,950","143,850","145,000",Gorontalo
Telur Ayam,II,Gorontalo,1,"33,300","33,550","40,100","38,800","35,900","34,000","31,900","31,450","32,450","33,350","32,050","32,350","33,250","32,450","35,100","35,450","35,000","33,100","31,950","31,750","34,750","33,500","35,250","38,450","37,450","38,900","40,350","40,300",Gorontalo
Bawang Merah,II,Gorontalo,1,"46,450","39,550","36,800","52,350","50,300","49,550","38,650","30,600","36,600","38,350","48,100","49,050","41,700","40,150","48,850","46,500","42,650","54,750","58,300","64,650","46,150","45,750","43,250","62,100","50,600","46,000","50,300","52,150",Gorontalo
Bawang Putih,II,Gorontalo,1,"43,000","41,200","48,650","54,800","53,100","50,100","46,400","45,600","45,700","46,000","47,700","48,200","47,850","48,900","50,450","49,550","48,900","47,700","46,700","45,200","44,000","42,400","41,500","42,400","43,550","44,400","44,250","44,150",Gorontalo
Cabai Merah,II,Gorontalo,1,"32,200","34,900","37,050","33,100","37,400","57,250","49,100","56,150","52,700","47,800","35,400","31,350","37,050","47,150","47,550","63,050","64,750","63,050","61,650","43,250","41,850","38,350","36,100","38,600","27,300","36,900","45,150","53,500",Gorontalo
Cabai Rawit,II,Gorontalo,1,"45,700","38,750","52,850","53,450","62,500","76,050","54,900","72,350","71,550","61,050","61,950","50,000","61,400","67,700","92,800","87,450","72,850","75,250","79,550","50,900","52,950","43,900","34,000","53,850","34,900","59,650","72,400","82,900",Gorontalo
Minyak Goreng,II,Gorontalo,1,"22,950","22,800","23,300","22,800","23,050","23,200","23,500","23,550","23,600","24,400","24,750","25,050","25,050","25,150","25,700","26,000","25,700","25,450","25,400","25,500","25,600","25,900","26,150","25,900","26,050","26,100","26,400","26,750",Gorontalo
Gula Pasir,II,Gorontalo,1,"18,650","18,350","19,350","19,600","19,600","18,900","18,850","18,750","18,800","19,150","19,300","19,400","19,800","20,000","20,050","20,100","20,000","19,700","19,700","19,600","19,350","19,300","19,200","19,200","19,450","19,700","19,800","21,000",Gorontalo
Beras,II,Jawa Timur,1,"13,900","15,050","15,200","14,700","14,000","14,000","14,150","14,050","14,100","14,100","14,000","14,050","14,100","14,150","14,250","14,200","14,250","14,500","14,650","14,750","14,800","14,800","14,650","14,600","14,550","14,600","14,700","14,750",Jawa
Daging Ayam,II,Jawa Timur,1,"31,850","33,850","38,350","37,250","36,500","34,100","33,350","32,850","32,400","34,000","35,100","34,650","34,750","34,100","34,550","31,600","30,550","31,450","31,450","32,450","37,250","36,800","36,000","37,950","35,700","39,450","40,650","35,800",Jawa
Daging Sapi,II,Jawa Timur,1,"118,000","117,750","118,150","122,000","121,000","120,350","120,150","119,800","120,700","121,250","121,650","121,700","120,850","120,700","121,800","122,800","121,250","121,100","120,400","120,000","120,300","122,200","123,100","123,600","124,250","124,800","128,350","129,200",Jawa
Telur Ayam,II,Jawa Timur,1,"25,550","27,900","30,600","27,350","28,350","27,200","26,850","25,850","25,300","25,600","25,500","28,250","27,150","27,450","27,350","25,800","25,850","26,850","27,700","27,000","27,400","29,300","28,500","29,500","28,150","29,750","30,100","27,700",Jawa
Bawang Merah,II,Jawa Timur,1,"33,950","29,050","30,750","46,850","49,350","38,850","26,400","21,450","23,550","26,400","36,500","39,200","36,850","31,500","43,600","46,450","37,800","41,100","44,750","48,050","35,750","37,250","41,200","47,350","37,750","40,550","40,850","40,250",Jawa
Bawang Putih,II,Jawa Timur,1,"34,950","34,350","36,550","37,950","38,300","36,750","35,900","36,350","36,150","36,450","37,550","38,700","38,800","38,900","39,850","39,650","35,800","31,700","31,000","30,200","30,400","30,600","30,600","31,200","33,700","32,400","31,150","30,700",Jawa
Cabai Merah,II,Jawa Timur,1,"58,550","72,300","50,250","40,650","45,000","44,400","32,500","31,950","19,200","16,250","17,250","31,000","52,200","47,000","47,600","40,100","29,050","31,550","30,750","31,250","37,050","44,500","50,750","43,150","26,400","32,100","37,350","35,100",Jawa
Cabai Rawit,II,Jawa Timur,1,"36,950","41,800","36,500","25,950","22,300","28,600","47,250","40,500","27,450","27,750","23,450","31,550","55,400","53,150","62,750","47,650","23,600","36,250","40,650","25,050","26,100","22,350","27,150","53,950","41,400","67,550","63,900","47,900",Jawa
Minyak Goreng,II,Jawa Timur,1,"17,600","17,750","18,100","18,250","18,100","17,950","18,050","18,150","18,200","18,400","18,650","19,300","19,850","20,000","20,100","20,100","20,000","19,950","19,950","20,100","20,200","20,250","20,300","20,350","20,400","20,450","20,950","21,700",Jawa
Gula Pasir,II,Jawa Timur,1,"16,750","17,000","17,200","17,550","17,800","17,400","17,100","17,150","17,200","17,350","17,350","17,350","17,750","18,000","18,000","18,000","17,900","17,400","17,100","17,050","16,900","16,900","16,950","16,950","17,100","17,300","17,750","18,150",Jawa
Beras,II,Papua,1,"15,350","15,800","17,350","17,000","16,900","16,950","17,000","17,050","17,050","16,900","16,800","16,800","16,650","16,800","17,300","18,150","18,350","18,500","18,550","18,850","18,950","18,900","18,950","18,800","18,850","19,050","19,100","19,050",Papua
Daging Ayam,II,Papua,1,"42,550","42,300","42,150","43,200","43,650","43,600","43,200","43,350","43,050","42,800","42,700","43,300","43,700","43,400","44,550","45,900","45,800","45,650","45,200","44,750","44,850","45,050","45,150","46,900","47,800","48,400","50,250","51,550",Papua
Daging Sapi,II,Papua,1,"133,800","133,800","134,100","136,350","134,700","135,600","135,150","135,050","134,900","134,850","135,050","134,950","135,850","135,400","144,000","156,250","151,950","151,550","151,600","151,500","151,250","151,400","151,600","155,150","157,500","157,400","160,050","157,550",Papua
Telur Ayam,II,Papua,1,"36,750","36,350","36,800","37,550","38,300","38,150","38,100","37,750","37,850","37,900","37,500","40,400","39,750","38,300","38,900","39,500","39,300","39,000","38,800","39,150","39,050","39,150","39,550","40,450","41,200","40,900","40,900","41,200",Papua
Bawang Merah,II,Papua,1,"53,650","54,950","51,350","58,050","62,950","60,400","54,100","46,550","43,700","43,850","50,400","58,250","57,850","56,300","58,450","67,700","61,700","61,650","67,350","72,400","70,800","61,450","61,700","70,000","73,700","67,050","67,300","70,750",Papua
Bawang Putih,II,Papua,1,"49,450","51,800","50,700","52,700","55,400","54,450","52,150","50,000","49,750","48,750","49,700","55,400","53,900","55,550","58,400","61,650","59,750","57,400","57,400","55,800","56,200","54,200","53,200","54,950","57,900","56,600","57,550","56,500",Papua
Cabai Merah,II,Papua,1,"69,650","61,400","68,950","77,950","79,550","103,250","94,800","95,550","71,900","55,250","55,600","55,850","63,650","91,900","87,150","83,550","89,000","81,950","91,750","95,500","76,300","73,500","80,800","81,500","70,400","76,500","83,900","67,350",Papua
Cabai Rawit,II,Papua,1,"78,700","45,800","35,950","49,150","72,400","77,100","77,250","87,900","67,050","51,350","51,200","54,550","58,800","59,450","74,650","75,000","80,100","71,950","89,800","83,050","76,550","74,250","73,500","81,700","69,400","71,050","86,750","79,200",Papua
Minyak Goreng,II,Papua,1,"21,350","21,200","21,350","21,450","21,350","21,350","21,000","21,100","21,300","21,350","21,450","21,550","21,700","21,700","22,650","23,850","24,150","24,450","24,600","24,900","24,950","25,000","25,000","25,050","25,050","25,000","25,000","25,050",Papua
Gula Pasir,II,Papua,1,"19,300","19,650","20,000","20,300","20,350","20,400","20,450","20,450","20,850","21,250","21,200","21,500","21,500","21,650","22,750","24,400","24,550","24,500","24,400","24,400","24,400","24,250","24,050","24,050","24,100","24,100","24,150","24,250",Papua
Beras,II,Jawa Barat,1,"14,250","15,500","15,750","15,250","14,600","14,500","14,600","14,600","14,600","14,550","14,550","14,600","14,650","14,550","14,600","14,600","14,600","14,700","14,800","14,850","14,900","14,900","14,800","14,800","14,850","14,900","15,050","15,150",Jawa
Daging Ayam,II,Jawa Barat,1,"34,550","36,300","39,400","38,900","37,600","36,650","36,500","34,700","34,250","36,300","36,500","36,500","36,550","35,700","36,350","34,300","33,550","34,750","34,500","34,300","38,950","38,250","37,700","40,450","37,050","40,300","41,650","37,850",Jawa
Daging Sapi,II,Jawa Barat,1,"139,450","139,150","140,900","142,800","141,100","140,950","140,900","140,800","140,350","140,000","140,000","139,950","140,100","139,600","144,100","143,250","139,850","139,950","138,950","138,750","138,750","138,650","138,600","138,950","140,000","143,200","149,200","151,250",Jawa
Telur Ayam,II,Jawa Barat,1,"26,750","28,700","31,550","28,650","29,900","28,450","27,950","27,100","26,400","26,700","26,400","29,650","28,450","28,600","28,850","27,300","27,550","28,050","29,100","28,150","28,550","30,550","29,700","30,700","29,300","30,550","30,950","29,300",Jawa
Bawang Merah,II,Jawa Barat,1,"35,550","31,900","33,750","54,500","51,950","42,150","31,400","26,700","27,000","29,750","39,850","41,500","37,700","35,050","52,050","54,900","42,900","45,700","51,400","50,700","39,650","41,350","43,650","46,150","39,400","46,200","45,400","43,400",Jawa
Bawang Putih,II,Jawa Barat,1,"40,400","39,800","41,850","44,500","44,750","43,750","42,100","41,800","41,750","42,450","43,350","44,000","43,700","44,200","47,100","48,750","45,400","43,300","41,200","40,650","39,650","38,900","38,600","39,100","39,450","40,100","39,700","39,050",Jawa
Cabai Merah,II,Jawa Barat,1,"73,450","87,550","71,500","53,950","52,500","55,800","45,000","43,550","33,800","30,650","31,100","45,250","67,200","56,650","60,700","55,950","42,600","49,850","45,400","43,350","56,250","60,450","64,250","55,800","38,550","45,100","49,450","43,800",Jawa
Cabai Rawit,II,Jawa Barat,1,"52,050","54,300","55,300","45,050","42,150","45,650","60,650","58,650","40,850","42,200","35,800","46,850","83,800","72,850","83,500","68,150","39,550","52,600","57,200","42,450","41,500","37,150","40,900","72,950","58,000","73,950","76,350","63,200",Jawa
Minyak Goreng,II,Jawa Barat,1,"17,950","18,300","18,400","18,600","18,500","18,500","18,550","18,650","18,750","18,900","19,650","20,450","20,900","20,900","20,950","20,900","20,700","20,500","20,500","20,600","20,800","20,800","20,800","20,800","20,800","21,200","22,250","22,900",Jawa
Gula Pasir,II,Jawa Barat,1,"17,450","17,500","17,700","18,100","18,700","18,550","18,300","18,250","18,250","18,350","18,350","18,400","18,600","18,750","18,750","18,750","18,750","18,650","18,600","18,450","18,400","18,350","18,400","18,350","18,400","18,500","18,750","19,100",Jawa
Beras,II,DI Yogyakarta,1,"14,050","15,200","15,300","15,150","14,900","14,250","14,250","14,250","14,250","14,250","14,200","14,150","14,150","14,150","14,300","14,300","14,300","14,300","14,450","14,450","14,250","14,200","14,200","14,200","14,200","14,200","14,200","14,200",DI
Daging Ayam,II,DI Yogyakarta,1,"34,250","35,200","39,050","39,000","38,100","36,300","35,450","33,700","33,850","34,650","36,100","35,350","35,600","34,250","35,050","32,100","31,300","31,000","31,850","32,250","37,050","36,400","35,450","38,750","35,800","39,200","41,100","36,950",DI
Daging Sapi,II,DI Yogyakarta,1,"136,250","136,250","136,250","136,250","136,250","136,250","135,500","136,250","136,250","136,250","136,250","136,250","136,250","135,500","136,150","136,250","136,250","136,250","136,250","136,250","136,250","136,250","138,750","141,250","141,250","141,250","147,650","150,650",DI
Telur Ayam,II,DI Yogyakarta,1,"26,500","28,000","30,850","27,550","29,500","28,000","27,250","26,200","25,750","25,950","26,200","29,250","27,600","27,650","27,900","26,550","27,100","27,550","28,400","27,700","28,100","29,850","28,800","30,200","28,850","30,500","29,900","28,650",DI
Bawang Merah,II,DI Yogyakarta,1,"37,100","32,950","34,450","45,900","47,650","43,200","30,550","24,750","24,500","25,350","36,850","39,300","39,600","35,200","44,400","48,800","38,100","41,000","43,500","47,000","40,450","40,700","42,000","47,450","42,950","43,650","44,500","43,450",DI
Bawang Putih,II,DI Yogyakarta,1,"43,750","44,000","44,700","46,700","48,250","47,950","45,950","41,850","41,250","42,150","42,700","44,500","44,500","44,500","45,050","45,750","44,700","44,150","41,600","40,100","39,500","39,500","39,500","39,500","40,650","42,400","42,150","41,900",DI
Cabai Merah,II,DI Yogyakarta,1,"67,250","77,950","63,900","43,350","48,850","48,500","39,750","38,100","27,650","23,100","24,500","43,450","67,450","55,450","54,700","52,200","35,100","37,750","35,750","34,700","43,650","51,150","56,500","59,450","38,250","42,450","46,050","42,850",DI
Cabai Rawit,II,DI Yogyakarta,1,"45,350","50,100","47,050","38,100","35,450","40,200","51,950","47,550","32,800","33,550","29,550","43,500","72,200","68,650","77,300","68,150","32,800","42,100","46,650","33,400","32,800","29,950","33,850","66,050","53,650","72,550","78,350","62,700",DI
Minyak Goreng,II,DI Yogyakarta,1,"17,000","17,450","17,650","17,800","17,600","17,400","17,700","17,850","17,850","17,850","18,950","19,750","20,100","20,400","20,400","20,400","20,550","20,200","20,100","20,250","20,300","20,300","20,250","20,250","20,250","20,650","21,550","22,000",DI
Gula Pasir,II,DI Yogyakarta,1,"16,900","17,050","17,200","17,300","17,450","17,350","17,350","17,350","17,350","17,350","17,350","17,400","17,750","18,300","18,350","18,350","18,200","17,950","17,750","17,550","17,500","17,500","17,500","17,650","17,950","18,200","18,250","18,550",DI
Beras,II,Bali,1,"14,550","16,200","16,050","15,400","14,950","15,000","15,150","15,200","15,200","15,200","15,000","15,000","15,100","15,200","15,350","15,350","15,400","15,500","15,600","15,600","15,500","15,500","15,400","15,400","15,400","15,400","15,400","15,500",Bali
Daging Ayam,II,Bali,1,"36,150","37,900","39,550","41,650","39,900","38,650","38,550","36,900","37,300","37,950","41,600","39,400","40,550","41,200","39,000","37,200","38,900","38,300","38,850","38,850","42,500","42,450","41,550","41,900","41,650","44,200","43,900","41,500",Bali
Daging Sapi,II,Bali,1,"126,150","126,600","127,350","127,700","126,850","126,300","126,300","126,300","126,200","127,200","128,100","132,550","132,850","132,850","132,850","132,450","132,250","132,300","132,200","132,200","133,450","134,650","134,850","134,850","134,850","134,400","134,700","134,250",Bali
Telur Ayam,II,Bali,1,"26,450","27,200","30,150","29,200","28,800","28,900","28,700","28,500","27,850","27,400","27,000","27,800","28,850","28,400","28,100","27,750","27,750","27,850","28,250","28,750","30,100","30,300","30,500","30,550","30,600","30,500","30,600","30,700",Bali
Bawang Merah,II,Bali,1,"34,450","27,350","28,000","38,550","44,050","31,250","25,400","22,050","24,050","24,400","33,450","36,100","35,900","28,450","35,950","45,250","33,950","33,850","40,200","45,050","34,300","35,100","39,500","50,600","38,400","36,800","39,750","42,050",Bali
Bawang Putih,II,Bali,1,"34,600","34,100","36,700","37,450","37,450","36,300","35,300","35,250","35,450","35,900","37,450","38,200","38,400","39,300","39,750","40,400","36,500","32,250","32,050","31,950","32,950","33,200","33,100","33,700","35,600","34,850","33,900","33,850",Bali
Cabai Merah,II,Bali,1,"58,200","72,250","55,500","42,050","47,550","45,700","34,100","31,250","20,950","18,450","18,550","33,100","62,950","55,700","54,200","44,050","30,150","30,100","33,300","33,100","40,150","50,250","52,500","43,900","28,800","38,350","44,800","40,900",Bali
Cabai Rawit,II,Bali,1,"39,650","41,800","44,250","38,450","32,750","35,800","53,500","51,750","39,400","37,050","28,200","38,000","68,050","65,450","76,950","61,800","31,350","44,650","48,350","35,550","36,150","34,200","34,900","62,350","49,550","69,550","76,300","62,100",Bali
Minyak Goreng,II,Bali,1,"18,250","18,400","18,550","18,750","18,800","18,950","19,000","19,000","19,050","19,350","19,900","20,350","20,550","20,750","21,100","21,150","21,250","21,150","21,150","21,150","20,950","20,950","21,000","21,000","21,000","21,050","21,450","22,700",Bali
Gula Pasir,II,Bali,1,"17,700","18,000","18,050","18,100","18,500","18,500","18,600","18,500","18,500","18,550","18,700","18,650","18,700","18,750","18,850","18,850","18,900","18,850","18,850","18,800","18,250","18,050","18,050","18,050","18,100","18,200","18,350","19,050",Bali
Beras,II,Aceh,1,"13,800","13,850","13,800","13,800","13,850","13,750","13,900","13,900","13,850","13,750","13,650","13,700","13,750","13,750","13,750","13,800","13,950","14,200","14,900","15,500","14,950","14,700","14,500","14,850","15,150","15,300","15,200","15,150",Aceh
Daging Ayam,II,Aceh,1,"30,150","32,550","37,100","33,850","36,600","32,650","27,050","27,500","29,650","33,000","32,550","33,750","35,150","31,600","33,750","33,000","31,000","30,700","30,750","34,000","36,450","37,200","36,800","40,900","43,150","42,000","42,200","39,600",Aceh
Daging Sapi,II,Aceh,1,"145,850","145,750","150,100","146,800","147,500","146,800","146,650","146,950","146,650","146,800","146,950","146,650","144,700","149,150","150,000","146,650","146,650","149,300","146,650","146,400","146,300","146,650","146,650","146,650","146,900","149,700","150,450","153,800",Aceh
Telur Ayam,II,Aceh,1,"27,750","28,200","31,100","29,550","30,500","30,200","29,500","29,100","29,100","28,350","28,200","30,550","31,250","28,550","27,950","27,900","27,900","28,150","29,100","29,650","29,900","30,600","31,900","37,700","30,900","29,200","30,700","31,300",Aceh
Bawang Merah,II,Aceh,1,"40,950","36,850","38,300","51,500","59,050","51,800","36,050","26,700","28,050","31,900","37,400","38,650","44,400","36,350","40,200","44,950","42,100","39,300","45,050","57,700","43,500","36,200","36,100","50,900","43,250","37,550","37,600","39,500",Aceh
Bawang Putih,II,Aceh,1,"38,300","38,100","38,900","41,200","41,750","40,450","39,100","39,450","39,700","40,050","42,000","42,550","43,350","43,550","44,500","44,650","42,550","38,000","38,500","38,400","37,300","36,400","35,700","39,250","37,550","36,350","35,950","35,350",Aceh
Cabai Merah,II,Aceh,1,"34,200","54,750","61,850","45,950","57,400","60,950","43,900","44,900","32,550","28,700","26,500","31,250","51,800","49,450","43,850","57,700","39,750","29,900","28,900","38,750","72,900","78,750","61,750","51,200","29,700","37,000","34,400","26,950",Aceh
Cabai Rawit,II,Aceh,1,"48,000","50,750","55,900","48,650","47,900","48,950","45,700","53,600","59,450","43,100","38,450","41,450","52,750","60,100","47,150","43,800","36,900","35,700","34,050","50,750","56,300","44,050","42,650","68,250","67,600","48,750","43,100","33,050",Aceh
Minyak Goreng,II,Aceh,1,"18,450","19,050","19,250","19,250","19,200","19,050","19,100","19,150","19,350","20,000","20,700","21,000","21,000","20,900","21,200","21,200","21,150","21,000","20,950","21,000","21,050","21,100","21,100","22,000","21,950","21,900","22,050","22,700",Aceh
Gula Pasir,II,Aceh,1,"18,050","18,200","18,300","18,850","19,350","18,850","18,700","18,800","18,750","18,850","18,800","18,750","19,450","19,150","19,300","19,300","19,300","19,300","19,200","19,100","18,950","18,900","18,900","19,150","19,100","19,200","19,350","19,750",Aceh
Beras,II,Kalimantan Tengah,1,"18,800","19,100","19,550","19,600","19,250","19,100","19,000","19,050","18,650","18,200","18,100","18,100","17,600","17,450","17,500","17,600","17,500","17,500","17,500","17,450","17,450","17,550","17,600","17,750","17,850","17,850","18,250","18,900",Kalimantan
Daging Ayam,II,Kalimantan Tengah,1,"45,050","38,400","38,400","42,500","45,050","41,500","36,200","34,750","34,250","37,450","38,550","39,200","42,000","37,750","37,200","35,100","36,050","34,300","36,450","35,150","40,150","40,550","35,650","39,050","41,300","42,450","41,650","37,400",Kalimantan
Daging Sapi,II,Kalimantan Tengah,1,"154,100","154,100","154,350","155,550","154,850","155,350","155,350","155,350","155,350","155,350","155,350","155,350","155,350","155,350","155,600","155,650","155,350","155,900","155,350","155,350","155,350","155,350","155,350","156,100","155,600","155,350","158,500","155,350",Kalimantan
Telur Ayam,II,Kalimantan Tengah,1,"30,650","31,500","33,500","31,600","32,350","31,750","30,800","30,600","30,100","30,950","30,900","32,050","31,850","31,250","32,050","30,700","30,700","31,250","31,850","32,400","32,200","34,150","33,500","34,100","33,300","33,600","35,200","33,950",Kalimantan
Bawang Merah,II,Kalimantan Tengah,1,"42,300","36,500","35,050","43,050","47,250","43,900","33,900","26,350","29,150","30,400","41,800","44,800","41,000","34,750","42,650","41,950","37,950","51,900","51,600","59,200","43,050","41,200","42,050","53,900","46,050","40,950","43,700","48,250",Kalimantan
Bawang Putih,II,Kalimantan Tengah,1,"39,150","38,150","41,200","43,400","43,950","42,250","40,100","40,050","40,100","40,050","42,650","43,750","42,750","43,750","45,250","44,400","41,550","39,400","38,150","37,400","37,300","37,250","37,550","37,950","37,300","38,050","38,250","38,300",Kalimantan
Cabai Merah,II,Kalimantan Tengah,1,"82,150","94,250","96,800","79,700","71,950","78,550","76,750","65,950","61,500","58,550","55,500","66,050","95,450","87,600","99,200","104,200","83,400","80,850","78,900","74,300","74,350","59,000","73,950","99,350","70,800","70,900","80,700","78,050",Kalimantan
Cabai Rawit,II,Kalimantan Tengah,1,"48,850","56,750","71,350","57,800","47,700","51,950","62,250","69,050","54,700","46,600","46,150","49,700","75,750","75,250","99,550","95,950","61,550","65,350","79,300","55,150","54,200","41,750","42,050","72,050","61,300","77,300","83,950","83,700",Kalimantan
Minyak Goreng,II,Kalimantan Tengah,1,"19,750","19,800","19,750","19,850","20,000","19,900","20,000","19,950","20,150","20,450","20,300","20,350","20,500","20,800","20,950","20,900","20,950","21,000","21,150","21,200","21,100","21,050","21,100","21,050","21,200","21,300","21,750","21,750",Kalimantan
Gula Pasir,II,Kalimantan Tengah,1,"19,100","19,100","19,450","20,000","20,450","20,000","19,800","19,700","19,750","20,000","20,050","20,000","20,150","20,400","20,650","21,250","21,400","21,150","21,000","20,950","20,850","20,550","20,250","20,100","20,100","20,400","21,100","21,300",Kalimantan
Beras,II,Maluku,1,"15,200","15,450","15,750","15,950","16,050","16,200","16,150","16,200","16,200","16,200","16,150","16,100","16,100","16,150","16,200","16,200","16,350","16,800","17,000","16,850","16,850","16,900","16,800","16,700","16,650","16,700","16,750","16,750",Maluku
Daging Ayam,II,Maluku,1,"39,850","37,650","41,250","44,100","42,400","43,050","44,650","44,000","42,050","42,250","42,250","40,900","41,200","40,900","40,400","41,200","41,350","40,450","40,450","40,350","40,350","39,200","40,700","43,100","46,350","47,450","49,000","49,650",Maluku
Daging Sapi,II,Maluku,1,"133,400","133,550","133,000","135,550","137,500","137,500","137,650","138,400","138,150","138,350","138,000","138,300","140,000","138,150","138,800","137,800","136,450","136,850","136,350","137,100","137,500","136,950","138,850","141,600","151,600","151,150","147,900","149,800",Maluku
Telur Ayam,II,Maluku,1,"35,600","35,700","37,750","38,250","37,700","37,400","37,350","36,250","36,050","35,250","35,000","36,250","37,350","35,950","36,650","36,350","35,650","35,750","35,800","36,250","35,500","36,250","36,500","37,450","37,750","37,000","41,450","38,150",Maluku
Bawang Merah,II,Maluku,1,"48,500","43,900","40,200","50,150","55,900","49,450","43,500","38,400","36,450","36,250","42,500","50,700","47,000","43,400","48,600","52,500","45,750","50,800","57,300","61,100","57,000","44,450","43,400","55,800","55,850","47,900","49,600","56,050",Maluku
Bawang Putih,II,Maluku,1,"45,450","45,100","46,500","50,500","51,550","50,000","47,600","47,700","45,150","43,800","44,850","47,450","49,000","46,700","48,250","50,300","48,000","46,200","45,500","43,400","42,500","42,300","42,200","42,450","42,100","42,500","43,250","43,600",Maluku
Cabai Merah,II,Maluku,1,"78,050","60,300","71,700","73,900","67,350","90,650","83,800","85,750","78,250","63,250","54,200","70,200","90,300","83,100","96,650","103,600","95,400","94,300","84,650","70,400","64,850","63,400","61,800","72,050","73,250","69,600","84,750","83,450",Maluku
Cabai Rawit,II,Maluku,1,"111,550","55,700","57,750","72,700","91,300","78,900","73,900","91,800","76,200","64,250","55,000","74,350","112,850","80,950","106,250","119,850","105,900","98,000","109,050","97,500","68,450","62,100","74,800","94,700","98,450","88,550","122,650","131,800",Maluku
Minyak Goreng,II,Maluku,1,"21,000","20,950","20,950","20,900","20,950","21,000","21,150","21,250","21,250","21,400","21,500","21,750","22,200","22,750","22,950","22,950","22,950","23,050","23,200","23,300","23,250","23,250","23,250","23,250","23,250","23,350","23,600","23,700",Maluku
Gula Pasir,II,Maluku,1,"18,750","19,000","19,700","20,100","20,350","20,700","20,600","20,350","20,100","20,250","20,350","20,350","20,600","21,200","21,350","21,350","21,400","21,550","21,400","21,250","21,250","21,050","20,800","20,700","20,700","21,000","21,100","21,500",Maluku
Beras,II,Kalimantan Timur,1,"15,200","15,400","16,300","16,450","16,250","16,250","16,250","16,150","16,000","16,050","16,000","16,000","15,950","15,950","15,950","15,950","15,900","16,200","16,400","16,450","16,600","16,500","16,300","16,250","16,150","16,050","16,100","16,200",Kalimantan
Daging Ayam,II,Kalimantan Timur,1,"36,100","36,150","36,800","35,700","38,650","39,450","37,250","36,450","36,550","40,350","38,350","39,400","40,250","40,250","39,500","38,600","36,450","36,200","35,750","35,500","37,300","36,300","35,400","37,550","38,050","39,450","39,100","38,750",Kalimantan
Daging Sapi,II,Kalimantan Timur,1,"152,650","153,450","152,400","153,800","152,900","153,900","154,150","153,800","153,200","155,050","155,250","155,050","155,350","155,300","160,650","164,400","161,750","161,050","161,200","161,250","160,850","159,600","159,600","159,700","159,600","160,050","165,950","165,850",Kalimantan
Telur Ayam,II,Kalimantan Timur,1,"29,050","29,000","31,750","31,400","30,500","30,250","29,900","29,400","28,300","30,000","30,300","30,550","31,050","30,900","30,700","29,550","30,650","30,300","30,350","30,500","30,750","31,550","31,550","31,900","32,000","32,050","32,700","32,350",Kalimantan
Bawang Merah,II,Kalimantan Timur,1,"45,900","40,200","36,000","47,050","49,500","43,950","36,500","29,400","29,200","31,950","41,050","46,550","42,550","39,800","45,900","44,700","40,400","47,250","49,950","56,700","46,200","41,450","41,650","54,900","48,000","44,300","46,250","51,050",Kalimantan
Bawang Putih,II,Kalimantan Timur,1,"41,600","41,200","42,750","46,700","46,350","44,800","42,800","41,900","40,900","40,000","43,050","45,600","45,400","45,600","46,850","46,450","43,300","42,300","41,800","41,550","40,650","39,800","39,650","40,150","40,200","40,800","40,550","42,150",Kalimantan
Cabai Merah,II,Kalimantan Timur,1,"61,900","63,750","67,850","55,900","55,650","63,000","51,250","46,300","43,250","34,350","33,350","44,350","55,450","55,900","68,550","66,500","66,100","59,000","55,550","50,600","51,400","45,750","52,650","56,900","40,350","39,400","46,700","49,400",Kalimantan
Cabai Rawit,II,Kalimantan Timur,1,"53,850","49,700","64,400","61,850","59,250","60,450","65,900","66,950","52,250","48,950","43,950","49,850","70,750","76,000","98,300","81,000","53,100","52,850","65,450","54,350","46,100","40,600","41,900","58,500","53,150","72,950","89,700","77,800",Kalimantan
Minyak Goreng,II,Kalimantan Timur,1,"18,900","19,300","19,400","19,350","19,550","19,500","19,750","19,600","19,500","20,000","20,400","20,850","20,950","21,200","21,300","21,500","21,350","21,050","21,050","21,100","21,100","21,100","21,150","21,100","21,100","21,100","21,250","21,800",Kalimantan
Gula Pasir,II,Kalimantan Timur,1,"18,000","18,100","18,200","18,300","18,750","18,550","18,400","18,450","18,500","18,350","18,500","18,650","18,600","18,850","19,250","19,350","19,350","19,350","19,200","19,100","19,000","18,900","18,900","19,000","18,950","19,100","19,300","19,550",Kalimantan
Beras,II,Sulawesi Selatan,1,"13,050","13,500","14,150","13,850","13,800","13,800","13,850","13,700","13,700","13,700","13,550","13,400","13,400","13,500","13,550","13,550","13,550","13,650","14,150","14,450","14,350","14,250","14,150","14,100","14,200","14,250","14,300","14,300",Sulawesi
Daging Ayam,II,Sulawesi Selatan,1,"29,000","25,250","28,500","29,800","26,000","24,700","23,050","23,000","22,600","25,000","27,500","29,350","31,450","24,800","25,850","25,900","25,400","25,500","24,000","24,200","27,250","28,750","29,500","33,550","31,600","30,550","32,900","32,650",Sulawesi
Daging Sapi,II,Sulawesi Selatan,1,"123,000","123,000","125,550","122,750","123,050","123,000","123,000","123,650","125,000","125,000","125,000","125,000","125,000","125,000","125,000","125,750","126,000","126,150","126,000","126,000","126,500","127,300","127,500","127,500","127,450","127,500","129,000","132,950",Sulawesi
Telur Ayam,II,Sulawesi Selatan,1,"23,850","24,950","29,000","28,050","26,950","26,000","25,250","24,000","24,700","25,700","24,500","25,250","25,700","25,350","26,200","26,000","26,050","25,750","25,800","25,950","27,100","27,350","26,900","27,800","28,200","28,550","31,300","31,100",Sulawesi
Bawang Merah,II,Sulawesi Selatan,1,"39,200","35,600","32,500","42,900","44,900","39,450","31,950","24,650","26,350","29,000","38,450","42,000","35,500","32,050","36,950","39,750","34,750","40,350","45,250","50,150","41,000","39,050","38,500","49,150","42,000","38,150","39,000","43,650",Sulawesi
Bawang Putih,II,Sulawesi Selatan,1,"38,550","38,950","40,600","41,400","41,300","41,100","39,850","39,250","39,650","39,850","40,150","41,450","40,550","41,250","43,400","44,650","43,250","40,800","39,650","38,050","37,150","36,850","36,200","37,400","38,450","39,050","38,250","38,350",Sulawesi
Cabai Merah,II,Sulawesi Selatan,1,"39,200","45,200","43,700","29,750","28,600","34,750","27,250","29,150","24,050","19,950","18,650","21,450","30,550","31,900","41,300","42,000","44,400","33,850","32,350","31,350","32,700","33,350","37,300","33,800","20,150","21,300","27,350","26,800",Sulawesi
Cabai Rawit,II,Sulawesi Selatan,1,"42,650","29,550","37,900","39,650","35,550","37,900","38,900","41,550","27,050","29,150","28,300","30,700","49,850","49,500","66,800","60,350","41,800","35,050","46,850","34,200","26,400","25,600","22,550","42,000","27,550","46,100","56,450","55,900",Sulawesi
Minyak Goreng,II,Sulawesi Selatan,1,"17,650","17,600","17,750","17,850","17,950","18,050","18,050","18,100","18,200","18,500","18,800","18,900","19,100","19,200","19,400","19,450","19,600","19,700","19,700","19,650","19,600","19,750","19,850","19,850","19,950","20,150","20,100","20,300",Sulawesi
Gula Pasir,II,Sulawesi Selatan,1,"17,000","17,000","17,100","17,350","17,450","17,500","17,500","17,450","17,450","17,550","17,400","17,350","17,550","17,700","17,750","17,700","17,700","17,650","17,600","17,550","17,450","17,300","17,300","17,350","17,350","17,300","17,300","17,450",Sulawesi
Beras,II,Nusa Tenggara Timur,1,"15,100","15,400","16,100","16,150","16,000","15,750","15,500","15,400","15,400","15,400","15,450","15,450","15,400","15,400","15,400","15,400","15,300","15,300","15,300","15,400","15,450","15,400","15,350","15,300","15,300","15,300","15,250","15,300",Nusa
Daging Ayam,II,Nusa Tenggara Timur,1,"46,000","46,850","44,750","42,700","42,250","46,450","48,450","47,950","45,950","44,900","45,900","47,150","48,350","46,150","43,950","45,050","46,250","45,350","47,550","48,400","48,400","46,450","48,350","50,900","51,000","48,250","48,300","50,650",Nusa
Daging Sapi,II,Nusa Tenggara Timur,1,"110,450","111,450","115,400","116,900","116,650","116,150","115,850","115,300","115,000","115,000","115,000","115,000","115,000","115,000","115,000","115,000","115,000","115,000","115,000","115,000","115,000","115,000","115,350","116,650","116,650","116,650","116,650","116,650",Nusa
Telur Ayam,II,Nusa Tenggara Timur,1,"31,950","32,200","34,150","35,450","34,450","33,700","32,950","32,300","31,550","31,650","31,650","32,800","34,550","32,300","33,200","32,300","31,950","31,350","32,200","32,450","31,750","32,300","34,100","34,350","33,650","34,500","34,850","34,050",Nusa
Bawang Merah,II,Nusa Tenggara Timur,1,"32,450","33,950","34,650","39,750","48,550","45,000","32,950","22,350","20,850","24,050","28,150","36,600","40,000","40,150","41,500","46,500","46,100","44,050","44,350","44,100","38,000","35,150","36,250","42,950","48,500","45,750","44,000","44,900",Nusa
Bawang Putih,II,Nusa Tenggara Timur,1,"44,650","45,600","45,000","47,200","50,600","49,400","46,950","46,600","46,850","46,450","45,950","48,200","50,150","50,400","50,500","52,100","51,200","47,600","45,750","45,400","45,100","43,900","44,050","44,800","45,900","46,350","46,000","45,650",Nusa
Cabai Merah,II,Nusa Tenggara Timur,1,"70,950","66,250","65,450","58,700","54,200","58,250","57,250","55,900","50,800","44,850","42,900","41,000","57,550","63,400","65,150","68,600","74,750","59,500","60,100","60,150","52,500","44,650","44,700","50,750","54,300","51,200","60,450","58,500",Nusa
Cabai Rawit,II,Nusa Tenggara Timur,1,"98,700","65,600","75,000","71,650","69,550","59,000","59,850","65,000","54,350","52,350","50,950","53,300","76,650","77,700","71,500","88,500","81,500","68,650","78,550","66,900","58,900","56,650","49,050","51,500","62,800","65,650","74,550","79,000",Nusa
Minyak Goreng,II,Nusa Tenggara Timur,1,"21,050","21,000","20,750","20,750","20,800","20,750","20,750","21,050","21,550","21,600","21,450","21,500","21,700","21,950","22,150","22,200","22,550","22,600","22,750","22,700","22,800","22,800","22,750","22,800","22,850","22,750","22,650","22,750",Nusa
Gula Pasir,II,Nusa Tenggara Timur,1,"18,200","18,350","18,850","18,900","19,400","19,400","19,200","19,000","18,950","19,050","19,050","19,150","19,450","19,650","19,600","19,550","19,500","19,550","19,500","19,550","19,550","19,600","19,550","19,550","19,500","19,550","19,650","19,750",Nusa
Beras,II,Sumatera Utara,1,"13,500","13,750","13,800","13,800","13,850","13,850","13,850","13,850","13,850","13,800","13,700","13,700","13,750","13,850","13,950","14,000","14,150","14,300","14,700","14,950","14,750","14,600","14,550","15,000","15,100","14,900","14,800","14,800",Sumatera
Daging Ayam,II,Sumatera Utara,1,"34,700","36,450","38,900","38,300","40,000","36,550","33,600","32,650","32,950","35,400","36,150","38,600","38,700","34,900","36,150","34,950","34,250","33,950","35,750","37,850","39,200","38,400","39,600","45,150","42,250","43,300","43,800","46,450",Sumatera
Daging Sapi,II,Sumatera Utara,1,"133,750","133,750","135,200","137,150","136,150","135,500","134,900","134,850","134,900","135,600","136,500","136,400","138,050","135,550","135,650","134,450","133,800","133,750","133,750","133,550","133,450","133,450","133,800","134,400","134,700","137,700","138,300","137,650",Sumatera
Telur Ayam,II,Sumatera Utara,1,"28,800","28,800","29,550","30,000","29,800","29,850","29,600","30,150","31,700","29,450","29,550","31,150","32,950","31,050","31,000","30,250","30,150","30,350","30,500","31,050","31,000","31,050","32,200","39,300","34,750","31,900","32,450","33,000",Sumatera
Bawang Merah,II,Sumatera Utara,1,"40,100","37,350","39,850","46,950","53,700","50,300","38,800","29,600","28,850","32,550","35,900","38,350","45,200","37,750","39,200","42,100","39,300","37,900","45,750","54,800","42,200","36,050","36,850","54,150","45,400","38,650","36,900","40,050",Sumatera
Bawang Putih,II,Sumatera Utara,1,"37,550","37,400","38,750","40,900","41,650","41,250","40,050","39,700","39,600","39,700","41,700","43,150","43,950","42,600","43,300","43,650","40,900","37,650","38,450","37,300","37,000","35,950","35,900","42,600","39,350","37,150","36,550","35,650",Sumatera
Cabai Merah,II,Sumatera Utara,1,"40,500","54,050","59,850","43,800","49,850","53,500","39,750","38,750","28,700","29,850","26,900","38,250","55,150","48,650","40,050","50,050","32,300","25,000","25,900","35,150","74,250","77,400","57,050","66,900","31,350","39,100","29,300","22,650",Sumatera
Cabai Rawit,II,Sumatera Utara,1,"49,200","54,800","59,300","47,200","38,700","44,600","46,300","47,750","51,500","35,700","30,400","46,300","60,000","58,050","39,950","35,850","26,800","25,500","29,250","44,950","48,950","34,450","36,300","84,250","69,350","38,200","31,250","26,650",Sumatera
Minyak Goreng,II,Sumatera Utara,1,"18,550","19,000","19,250","19,350","19,400","19,250","19,250","19,300","19,300","19,600","20,150","20,350","20,600","20,650","20,900","20,850","20,800","20,650","20,550","20,650","20,700","20,700","20,750","21,400","21,250","21,100","21,250","21,850",Sumatera
Gula Pasir,II,Sumatera Utara,1,"17,600","18,050","18,350","18,650","18,700","18,600","18,550","18,550","18,700","18,900","18,950","18,950","19,100","19,250","19,350","19,350","19,350","19,100","18,900","18,800","18,800","18,750","18,850","19,450","19,350","19,250","19,450","19,700",Sumatera
Beras,II,Kalimantan Barat,1,"15,650","15,850","16,350","16,500","16,350","16,300","16,300","16,350","16,350","16,400","16,400","16,500","16,500","16,550","16,500","16,350","16,300","16,350","16,400","16,400","16,400","16,400","16,500","16,550","16,300","16,300","16,300","16,500",Kalimantan
Daging Ayam,II,Kalimantan Barat,1,"38,600","35,700","36,800","39,750","41,050","37,200","35,250","32,950","34,950","36,000","34,350","34,950","38,450","34,350","34,150","33,800","34,800","36,400","36,750","34,100","35,200","37,950","36,500","35,900","38,550","40,950","38,900","36,700",Kalimantan
Daging Sapi,II,Kalimantan Barat,1,"150,100","150,000","151,150","150,300","150,850","151,000","149,650","150,600","151,000","150,050","150,100","150,600","150,400","151,000","151,850","151,050","149,600","149,750","149,600","149,600","149,600","149,600","149,600","149,750","149,600","151,150","154,800","155,100",Kalimantan
Telur Ayam,II,Kalimantan Barat,1,"30,050","31,300","33,950","35,150","31,000","30,450","31,550","30,900","29,550","29,350","28,700","31,800","32,450","31,650","31,950","32,150","31,600","31,900","32,900","33,150","32,150","32,500","33,650","34,550","34,050","33,350","36,550","34,700",Kalimantan
Bawang Merah,II,Kalimantan Barat,1,"38,250","35,950","34,350","39,350","44,300","41,700","36,250","28,200","28,250","31,150","42,300","47,500","40,950","34,700","35,100","36,300","32,700","48,500","53,900","66,100","45,050","42,400","44,100","49,050","45,050","59,700","41,850","42,100",Kalimantan
Bawang Putih,II,Kalimantan Barat,1,"37,550","37,400","42,200","42,200","41,250","39,800","38,250","37,250","37,400","38,000","42,600","41,400","40,900","41,800","42,600","42,100","38,750","37,000","34,550","33,000","31,050","32,100","33,300","33,900","32,750","46,100","39,750","37,300",Kalimantan
Cabai Merah,II,Kalimantan Barat,1,"51,400","59,350","61,500","62,600","60,200","60,750","57,250","51,850","50,800","43,350","48,300","52,150","55,400","68,650","75,250","74,550","54,450","49,950","52,400","50,550","56,350","44,100","48,550","67,250","68,800","62,850","68,000","66,000",Kalimantan
Cabai Rawit,II,Kalimantan Barat,1,"50,500","72,700","82,750","75,950","62,450","63,400","71,400","76,950","67,250","52,400","52,150","55,200","77,500","87,400","102,850","96,600","59,650","50,300","65,250","48,900","50,150","39,650","43,300","74,900","72,150","68,650","83,550","93,950",Kalimantan
Minyak Goreng,II,Kalimantan Barat,1,"18,600","18,750","19,150","19,550","19,400","19,300","19,700","19,450","19,400","19,750","20,100","20,100","20,350","20,350","20,400","20,450","20,450","20,300","20,200","20,300","20,350","20,400","20,400","20,400","20,550","20,800","21,050","21,650",Kalimantan
Gula Pasir,II,Kalimantan Barat,1,"17,250","17,400","17,700","17,950","18,100","17,950","17,750","17,700","17,850","17,900","17,900","17,800","18,350","18,600","18,700","18,750","18,750","18,700","18,500","18,300","18,250","18,300","18,350","18,300","18,450","18,950","19,550","19,750",Kalimantan
Beras,II,Nusa Tenggara Barat,1,"13,350","14,050","14,450","13,400","13,300","13,450","13,500","13,450","13,500","13,750","13,750","13,750","13,900","13,900","13,900","13,900","13,850","13,850","14,000","13,950","13,950","13,900","13,900","13,850","13,850","13,900","13,900","13,950",Nusa
Daging Ayam,II,Nusa Tenggara Barat,1,"39,550","40,050","39,700","40,150","41,750","38,550","35,450","37,550","36,300","36,750","38,400","39,700","39,550","36,250","37,800","35,450","37,050","35,000","35,300","36,550","42,650","41,300","40,750","41,550","40,500","43,250","44,100","42,350",Nusa
Daging Sapi,II,Nusa Tenggara Barat,1,"117,650","117,600","118,100","118,750","118,450","118,250","118,400","118,450","119,500","119,500","119,300","119,400","117,750","117,000","118,300","118,100","117,250","117,450","117,750","118,150","118,650","119,450","120,350","120,350","120,850","123,600","125,450","125,350",Nusa
Telur Ayam,II,Nusa Tenggara Barat,1,"29,600","30,250","33,850","33,350","31,950","31,600","30,650","30,550","30,200","30,500","29,950","30,600","30,000","29,150","29,500","29,350","28,800","28,600","29,150","29,000","29,250","29,950","30,050","30,400","29,900","29,950","30,550","30,500",Nusa
Bawang Merah,II,Nusa Tenggara Barat,1,"34,700","30,950","29,700","36,250","39,000","34,500","21,950","18,150","18,650","20,150","29,400","36,650","37,650","32,100","40,700","45,050","31,600","32,650","37,000","39,500","29,450","30,400","35,550","48,700","41,750","38,050","42,000","40,200",Nusa
Bawang Putih,II,Nusa Tenggara Barat,1,"38,750","37,500","41,100","43,100","43,400","42,450","39,450","39,650","41,200","41,000","41,200","41,400","42,100","42,750","44,550","44,350","40,750","37,700","37,000","36,700","35,400","35,300","35,400","35,550","37,500","37,850","36,900","35,250",Nusa
Cabai Merah,II,Nusa Tenggara Barat,1,"58,700","61,450","52,600","38,000","42,450","41,750","37,300","32,000","24,650","22,000","22,750","37,200","68,900","61,250","53,300","44,600","31,000","32,450","37,850","32,300","34,750","45,800","45,900","44,100","33,450","40,850","46,200","42,800",Nusa
Cabai Rawit,II,Nusa Tenggara Barat,1,"33,400","35,650","39,800","32,150","30,250","31,150","47,200","41,750","27,300","26,450","23,900","29,000","58,450","60,750","95,350","78,750","36,650","44,750","42,600","28,000","24,250","23,600","22,100","51,050","41,800","77,000","89,550","68,600",Nusa
Minyak Goreng,II,Nusa Tenggara Barat,1,"18,600","18,850","19,050","19,600","19,700","19,650","19,650","19,600","19,700","19,800","20,100","20,500","21,000","21,250","21,650","21,650","21,700","21,650","21,550","21,550","21,500","21,450","21,350","21,600","21,650","21,650","21,550","22,350",Nusa
Gula Pasir,II,Nusa Tenggara Barat,1,"17,050","17,100","17,100","17,250","17,700","17,600","17,250","17,050","16,950","17,100","17,100","17,100","17,400","17,650","17,850","17,900","17,900","17,600","17,500","17,450","17,250","17,150","17,900","18,000","18,000","18,200","18,400","18,850",Nusa
Beras,II,Sulawesi Utara,1,"13,650","14,600","15,950","15,500","14,650","14,350","14,350","14,400","14,450","14,450","14,200","14,150","14,050","14,100","14,150","14,250","14,850","15,450","16,450","16,600","16,550","16,250","15,650","14,900","15,000","15,000","14,850","14,900",Sulawesi
Daging Ayam,II,Sulawesi Utara,1,"37,100","39,100","42,400","40,000","37,300","37,700","38,600","35,900","33,400","35,150","38,450","38,650","41,400","35,900","38,950","40,900","36,700","34,500","37,800","37,500","35,750","36,350","40,050","45,250","43,700","42,550","42,900","44,850",Sulawesi
Daging Sapi,II,Sulawesi Utara,1,"135,000","134,450","132,500","134,250","134,500","134,100","133,650","133,450","133,450","133,200","133,150","133,300","133,750","133,950","134,750","134,700","132,950","132,850","134,100","133,750","133,750","133,750","135,950","137,300","138,900","139,650","145,650","156,250",Sulawesi
Telur Ayam,II,Sulawesi Utara,1,"29,300","28,950","33,900","33,950","31,800","31,550","30,950","30,600","30,600","30,350","30,650","31,300","31,500","30,000","29,600","30,050","30,450","29,700","29,400","29,350","29,150","29,900","30,900","33,850","33,150","31,750","34,250","33,850",Sulawesi
Bawang Merah,II,Sulawesi Utara,1,"47,700","44,000","39,500","50,550","52,500","51,000","40,350","30,650","33,450","36,500","44,650","47,600","44,800","41,850","47,050","49,100","44,150","52,900","56,550","65,350","50,000","47,500","45,950","58,700","54,500","45,200","48,450","52,050",Sulawesi
Bawang Putih,II,Sulawesi Utara,1,"44,300","43,900","47,400","52,850","53,150","49,350","47,250","47,650","46,050","45,450","46,500","46,700","47,100","47,400","48,150","50,700","46,900","43,550","42,750","42,750","41,850","41,850","41,350","42,800","43,050","42,900","43,150","42,550",Sulawesi
Cabai Merah,II,Sulawesi Utara,1,"40,100","33,700","31,650","24,900","26,450","41,800","46,450","44,200","37,700","39,450","28,300","32,200","29,450","31,050","47,300","55,350","65,600","57,900","52,750","31,800","30,700","34,800","28,500","29,500","16,000","20,050","28,400","34,900",Sulawesi
Cabai Rawit,II,Sulawesi Utara,1,"45,050","36,600","45,700","49,950","54,250","62,250","45,050","59,400","69,600","66,850","60,750","50,850","50,250","54,550","82,650","78,100","69,600","74,100","72,150","49,900","55,800","41,050","37,950","45,750","34,250","48,950","61,050","65,200",Sulawesi
Minyak Goreng,II,Sulawesi Utara,1,"16,500","17,050","17,650","17,400","17,400","17,300","17,550","17,500","17,750","18,300","18,750","18,800","18,800","18,850","19,050","19,000","18,900","18,800","18,800","18,850","18,950","19,050","19,150","19,100","19,100","19,350","19,600","19,850",Sulawesi
Gula Pasir,II,Sulawesi Utara,1,"17,500","17,950","18,300","18,600","18,950","18,450","17,850","17,750","17,750","17,800","17,800","17,800","17,950","18,300","18,200","18,200","18,200","18,200","18,200","18,000","17,850","17,850","17,850","17,850","17,850","18,050","18,200","18,350",Sulawesi
Beras,II,Jawa Tengah,1,"14,050","15,150","15,400","14,950","14,500","14,450","14,550","14,550","14,600","14,650","14,500","14,500","14,550","14,550","14,700","14,750","14,750","14,900","14,950","15,000","15,100","15,100","15,050","15,050","15,000","15,150","15,300","15,350",Jawa
Daging Ayam,II,Jawa Tengah,1,"33,000","34,400","38,650","38,350","37,300","35,200","35,100","34,100","33,600","35,150","35,700","35,350","35,050","34,550","35,400","33,250","31,950","32,650","32,850","33,250","37,400","37,200","36,400","39,050","36,500","39,650","41,750","37,000",Jawa
Daging Sapi,II,Jawa Tengah,1,"129,050","128,600","128,400","130,200","127,950","128,050","128,150","128,000","127,850","128,050","127,900","127,750","128,050","128,050","130,450","130,750","128,200","127,950","127,900","127,900","127,900","127,900","127,850","127,900","128,150","128,850","138,350","138,550",Jawa
Telur Ayam,II,Jawa Tengah,1,"25,950","27,850","30,050","27,550","28,600","27,350","26,950","25,950","25,250","25,450","25,500","28,700","27,350","27,450","27,850","26,500","26,500","27,050","27,850","26,800","27,300","29,100","28,350","29,400","28,150","29,400","29,850","27,900",Jawa
Bawang Merah,II,Jawa Tengah,1,"34,200","30,950","32,100","50,800","50,100","40,050","28,950","23,400","24,900","27,700","37,350","39,100","37,000","33,100","47,100","49,900","39,350","43,500","47,700","49,400","37,900","38,750","41,900","46,650","37,800","42,500","42,800","40,500",Jawa
Bawang Putih,II,Jawa Tengah,1,"40,650","40,300","41,200","44,250","44,500","41,950","40,200","39,650","39,250","40,300","41,900","42,750","42,950","43,450","44,700","45,700","42,800","40,650","37,350","35,400","34,950","35,100","34,950","35,050","36,150","35,700","35,200","34,750",Jawa
Cabai Merah,II,Jawa Tengah,1,"60,600","72,500","50,700","40,050","43,600","46,050","38,400","36,400","25,000","23,050","22,300","37,250","55,750","47,900","50,250","52,050","36,450","35,600","35,150","33,400","45,150","50,300","53,150","52,400","32,400","37,450","40,550","37,350",Jawa
Cabai Rawit,II,Jawa Tengah,1,"42,250","46,350","40,300","32,100","27,400","32,200","47,950","44,350","31,450","34,350","27,850","35,400","59,900","56,050","65,600","55,450","29,050","38,600","43,000","29,150","31,300","28,600","31,900","55,550","42,400","65,350","65,900","52,050",Jawa
Minyak Goreng,II,Jawa Tengah,1,"17,500","17,600","17,900","18,050","17,900","17,850","18,000","18,100","18,250","18,500","19,300","19,750","20,100","20,150","20,200","20,050","19,750","19,550","19,500","19,750","19,850","19,850","19,900","20,000","20,000","20,300","21,250","22,100",Jawa
Gula Pasir,II,Jawa Tengah,1,"17,400","17,600","17,950","18,300","18,400","17,950","17,800","17,700","17,800","17,900","17,900","17,950","18,300","18,700","18,550","18,600","18,400","18,100","17,850","17,750","17,700","17,750","17,800","17,850","17,950","18,150","18,550","18,950",Jawa
Beras,II,Sulawesi Tengah,1,"14,200","15,000","16,600","16,150","14,700","14,550","14,900","14,950","14,800","14,750","14,700","14,750","14,550","14,650","14,600","14,450","14,550","15,000","16,250","16,750","16,650","15,850","15,550","15,400","15,350","15,300","15,300","15,300",Sulawesi
Daging Ayam,II,Sulawesi Tengah,1,"32,250","30,700","31,750","32,950","31,050","30,050","29,250","28,950","28,300","29,750","30,600","33,900","34,850","29,450","30,650","32,450","31,400","30,900","29,950","28,650","32,850","32,400","34,600","38,100","35,750","36,050","35,400","37,400",Sulawesi
Daging Sapi,II,Sulawesi Tengah,1,"143,750","143,750","143,750","143,750","143,750","142,150","143,750","143,750","143,000","143,750","143,750","143,750","143,050","143,750","143,850","144,000","143,750","144,300","143,750","143,750","143,750","143,750","143,750","144,300","146,250","146,300","148,050","150,000",Sulawesi
Telur Ayam,II,Sulawesi Tengah,1,"29,900","30,300","33,600","33,850","32,800","32,250","30,800","30,050","29,850","30,800","30,000","30,200","31,550","30,600","31,300","31,400","32,100","31,400","30,150","30,350","31,100","31,750","31,650","32,350","32,600","33,100","36,000","36,800",Sulawesi
Bawang Merah,II,Sulawesi Tengah,1,"49,450","40,600","34,950","46,750","48,100","44,900","38,250","29,300","30,100","34,000","42,400","45,050","39,050","37,800","44,400","45,650","40,750","47,150","52,550","61,900","51,250","43,700","41,900","56,450","50,050","43,900","46,350","53,100",Sulawesi
Bawang Putih,II,Sulawesi Tengah,1,"44,400","44,400","47,300","49,300","50,400","47,100","44,500","42,800","44,400","46,000","46,350","48,000","48,600","49,150","49,700","50,650","49,100","45,650","42,150","41,100","41,050","41,000","41,000","41,350","43,800","45,400","43,350","44,100",Sulawesi
Cabai Merah,II,Sulawesi Tengah,1,"40,500","37,950","41,750","38,400","45,300","53,750","44,700","47,750","37,750","32,600","28,150","25,800","32,500","38,100","41,500","48,400","54,800","45,900","46,800","37,800","36,450","31,600","29,800","33,950","27,850","32,300","32,200","34,400",Sulawesi
Cabai Rawit,II,Sulawesi Tengah,1,"59,650","36,750","45,200","57,150","57,300","62,900","63,000","68,050","50,500","50,600","48,150","53,400","58,550","54,150","69,800","71,100","63,450","60,800","71,900","53,150","54,100","46,650","38,900","58,200","44,800","56,250","74,100","78,100",Sulawesi
Minyak Goreng,II,Sulawesi Tengah,1,"17,900","18,000","18,400","18,300","18,250","18,650","18,500","18,650","18,950","19,100","19,300","19,300","19,400","19,400","19,750","20,150","20,550","20,550","20,550","20,400","20,400","20,500","20,600","20,600","20,600","20,650","20,700","21,350",Sulawesi
Gula Pasir,II,Sulawesi Tengah,1,"18,700","18,750","19,150","19,500","20,000","20,000","20,050","19,950","19,800","19,850","19,800","19,900","19,850","20,200","20,500","20,650","20,600","20,550","20,500","20,500","20,500","20,400","20,400","20,250","20,250","20,350","20,450","20,600",Sulawesi
Beras,II,Jambi,1,"14,150","14,300","14,750","14,700","14,650","14,600","14,650","14,750","15,000","15,050","15,050","15,050","15,050","15,050","15,050","15,050","15,150","15,300","15,400","15,400","15,400","15,400","15,400","15,400","15,400","15,400","15,400","15,550",Jambi
Daging Ayam,II,Jambi,1,"33,550","35,150","36,050","35,800","36,000","33,400","30,150","30,750","31,400","35,150","35,650","36,450","36,300","31,850","32,050","29,450","31,550","32,600","35,250","33,850","38,250","36,100","37,500","39,250","38,500","40,400","40,950","38,750",Jambi
Daging Sapi,II,Jambi,1,"136,900","136,900","137,100","140,100","136,900","136,900","136,900","136,900","136,900","136,250","136,900","136,900","136,900","138,050","140,400","140,000","136,900","139,250","137,500","137,500","137,500","137,500","137,500","137,700","137,950","143,600","155,900","150,850",Jambi
Telur Ayam,II,Jambi,1,"25,750","26,150","27,150","27,250","27,150","27,000","26,550","26,150","25,450","25,250","25,200","25,700","26,050","25,400","25,850","25,800","26,000","25,800","25,750","26,100","26,100","26,550","26,900","28,200","28,350","26,750","27,600","27,350",Jambi
Bawang Merah,II,Jambi,1,"33,400","29,650","36,050","45,050","47,350","40,950","28,050","21,400","24,150","27,450","32,550","34,850","38,800","32,150","37,400","41,150","36,500","36,850","43,600","47,500","35,400","31,850","35,150","42,650","37,500","35,950","35,900","38,750",Jambi
Bawang Putih,II,Jambi,1,"37,500","37,050","39,350","41,000","41,450","40,800","39,850","40,100","40,150","40,100","40,700","41,650","41,450","42,750","43,000","42,750","40,600","35,950","33,650","32,050","32,200","32,000","31,750","32,000","34,850","35,100","34,450","34,250",Jambi
Cabai Merah,II,Jambi,1,"46,500","64,200","56,750","42,250","49,000","54,450","38,850","36,700","24,250","22,000","23,350","35,650","52,850","44,800","37,350","50,950","35,850","25,500","28,850","33,850","56,000","59,800","63,000","60,800","31,900","40,700","36,650","27,750",Jambi
Cabai Rawit,II,Jambi,1,"44,050","59,850","63,750","47,850","43,650","48,850","59,700","54,900","41,150","38,650","30,050","41,700","74,300","75,000","71,400","55,250","35,400","43,250","48,100","38,250","39,750","35,500","39,750","75,450","63,700","68,800","60,600","51,050",Jambi
Minyak Goreng,II,Jambi,1,"17,600","17,750","17,950","18,400","18,450","18,350","18,400","18,500","18,550","18,750","19,800","20,050","20,250","20,400","20,700","20,700","20,650","20,450","20,300","20,350","20,350","20,400","20,400","20,350","20,450","20,650","21,050","22,700",Jambi
Gula Pasir,II,Jambi,1,"16,950","17,250","17,350","17,750","18,700","18,550","18,400","18,150","18,050","18,050","18,150","18,150","18,500","18,650","18,750","18,750","18,700","18,550","18,500","18,400","18,300","18,100","18,100","18,200","18,200","18,400","18,750","19,600",Jambi
Beras,II,Banten,1,"14,750","16,150","16,250","15,550","14,800","14,850","15,200","15,000","14,650","14,650","14,700","14,800","14,950","14,950","14,850","14,650","14,550","14,800","15,600","15,600","15,500","15,450","15,000","14,950","14,950","15,050","15,400","15,650",Banten
Daging Ayam,II,Banten,1,"36,850","38,700","41,000","40,600","39,450","39,150","38,150","37,000","37,050","37,600","38,150","38,150","37,600","37,600","38,250","37,350","36,200","37,350","36,450","37,250","40,750","39,300","39,500","42,950","40,700","41,550","42,600","40,000",Banten
Daging Sapi,II,Banten,1,"132,500","132,500","134,000","135,750","133,950","133,750","133,750","134,000","134,150","134,100","131,300","129,150","129,150","130,900","136,150","135,800","133,350","134,200","133,350","132,950","132,700","132,700","132,700","134,250","138,600","146,300","149,450","144,800",Banten
Telur Ayam,II,Banten,1,"26,500","29,000","31,800","27,950","29,700","28,150","28,100","26,750","26,150","26,400","26,350","30,150","28,300","28,700","28,300","27,050","27,450","27,750","28,500","28,050","28,350","30,300","29,450","30,650","29,050","30,550","30,500","29,450",Banten
Bawang Merah,II,Banten,1,"34,750","33,600","35,600","58,450","52,550","40,800","29,700","25,400","26,750","30,500","41,400","42,900","36,000","34,200","52,250","52,600","41,850","45,600","52,050","49,450","40,300","44,600","45,950","46,150","38,500","46,900","45,700","44,850",Banten
Bawang Putih,II,Banten,1,"40,500","39,250","41,250","43,750","45,700","43,200","41,200","41,050","41,200","41,250","42,150","42,900","43,600","44,450","46,050","49,150","43,650","40,500","38,850","38,100","37,000","37,150","37,250","37,500","39,800","39,050","38,900","39,150",Banten
Cabai Merah,II,Banten,1,"70,500","84,500","66,300","50,550","56,250","55,150","44,650","42,150","33,300","29,350","29,300","46,100","64,750","54,300","59,250","58,900","40,850","44,750","41,700","40,300","54,050","61,400","69,050","57,400","36,400","43,350","46,550","45,450",Banten
Cabai Rawit,II,Banten,1,"50,150","55,300","54,350","40,200","42,750","47,800","64,800","56,400","42,800","40,400","33,150","48,000","86,150","73,850","82,500","64,600","37,800","51,400","55,550","38,300","38,350","35,250","43,150","75,700","57,100","74,350","76,550","61,300",Banten
Minyak Goreng,II,Banten,1,"17,400","17,600","17,850","18,000","17,900","18,000","18,050","18,050","18,500","18,750","19,400","19,150","18,950","18,850","19,050","19,300","18,850","18,650","18,850","19,300","19,250","19,200","18,700","19,000","19,300","19,400","20,600","21,650",Banten
Gula Pasir,II,Banten,1,"17,750","17,750","18,250","18,450","19,150","18,600","17,700","17,950","18,150","17,850","18,000","18,050","18,300","18,650","18,650","18,650","18,650","18,650","18,650","18,650","18,650","18,650","18,650","18,650","18,650","18,650","18,650","18,750",Banten
Beras,II,Maluku Utara,1,"15,750","16,200","16,850","16,850","16,800","16,650","16,700","16,750","16,700","16,700","16,700","16,700","16,700","16,700","16,700","16,700","16,700","16,700","16,700","16,750","16,750","16,900","17,250","17,400","17,400","17,300","17,400","17,650",Maluku
Daging Ayam,II,Maluku Utara,1,"42,500","42,750","44,150","46,400","46,200","46,450","46,250","45,900","43,850","43,700","43,650","44,000","44,000","44,000","44,000","44,100","44,000","43,700","43,250","43,250","43,250","43,250","44,250","44,950","45,250","44,700","45,100","45,500",Maluku
Daging Sapi,II,Maluku Utara,1,"137,750","137,500","137,500","137,500","137,700","137,500","137,400","137,500","137,500","137,400","137,500","138,500","142,100","140,000","141,100","140,000","140,000","142,600","140,000","140,000","142,750","145,000","145,000","145,000","145,000","145,000","147,750","144,300",Maluku
Telur Ayam,II,Maluku Utara,1,"36,100","36,150","36,900","38,650","39,100","38,800","38,400","38,400","37,400","37,050","36,050","36,050","36,050","36,050","36,050","36,050","36,050","36,050","36,650","37,000","36,950","36,950","37,950","38,750","38,750","38,750","40,000","44,100",Maluku
Bawang Merah,II,Maluku Utara,1,"59,650","57,850","52,000","68,300","72,250","65,450","61,400","56,750","47,750","48,500","52,200","55,000","54,650","54,200","57,800","65,050","63,900","64,800","68,700","75,350","67,400","65,700","62,900","65,500","67,450","62,750","64,500","74,900",Maluku
Bawang Putih,II,Maluku Utara,1,"54,500","55,750","51,950","64,600","70,250","63,300","61,350","59,650","56,300","55,700","59,900","61,200","61,800","60,850","62,800","64,700","64,200","63,350","65,200","66,350","62,900","60,850","56,750","54,750","56,350","55,000","55,700","59,550",Maluku
Cabai Merah,II,Maluku Utara,1,"68,750","49,050","54,300","48,700","47,350","58,150","67,100","61,250","54,400","54,800","54,250","52,200","52,900","54,950","68,750","68,750","93,500","90,900","83,350","73,800","54,100","53,900","54,800","54,800","52,800","52,050","59,250","66,450",Maluku
Cabai Rawit,II,Maluku Utara,1,"99,650","61,900","67,100","69,650","78,900","85,450","79,000","77,250","78,550","80,000","84,150","77,750","78,600","80,050","115,150","104,200","126,000","110,350","117,600","114,050","88,200","85,850","74,200","86,500","85,550","82,900","94,200","139,300",Maluku
Minyak Goreng,II,Maluku Utara,1,"21,300","21,300","20,850","20,950","21,000","21,000","21,000","21,000","21,000","21,000","20,950","21,350","21,800","21,850","21,850","21,850","21,850","21,850","22,200","22,450","22,450","22,450","22,650","23,200","23,200","23,100","23,100","22,850",Maluku
Gula Pasir,II,Maluku Utara,1,"18,200","18,300","19,300","19,500","19,750","20,000","20,000","18,550","19,550","19,550","20,000","20,250","20,500","20,750","21,000","21,000","21,000","21,000","20,800","20,500","20,500","20,500","20,500","20,500","20,500","20,500","20,500","20,500",Maluku
Beras,II,Kepulauan Riau,1,"14,300","14,450","14,600","14,600","14,700","14,700","14,850","14,950","15,000","15,000","14,900","15,100","15,200","15,200","15,100","15,100","15,100","15,100","15,150","15,200","15,150","15,050","14,950","15,100","15,400","15,450","15,450","15,500",Kepulauan
Daging Ayam,II,Kepulauan Riau,1,"37,300","39,550","39,850","37,050","39,350","40,000","38,250","39,000","37,900","38,700","39,250","39,150","39,850","36,000","39,000","39,000","39,750","36,950","38,250","38,600","39,200","37,600","40,050","43,050","41,800","42,000","42,100","42,300",Kepulauan
Daging Sapi,II,Kepulauan Riau,1,"99,250","99,250","99,950","100,700","99,500","99,500","99,400","99,200","99,200","99,200","99,200","99,450","99,200","99,650","100,350","100,450","98,950","99,750","110,000","115,400","115,850","115,500","115,000","118,050","122,450","123,050","128,750","126,850",Kepulauan
Telur Ayam,II,Kepulauan Riau,1,"27,400","28,100","30,100","30,600","30,150","30,150","29,450","29,600","29,700","28,950","29,300","30,500","30,700","30,650","30,450","30,300","28,950","30,100","31,800","31,600","31,100","31,100","30,800","31,350","30,650","30,750","30,450","30,250",Kepulauan
Bawang Merah,II,Kepulauan Riau,1,"38,950","33,550","32,550","34,050","37,300","39,450","40,450","36,000","35,950","36,850","44,600","48,500","38,700","34,550","39,950","37,800","35,300","34,850","46,750","43,950","33,800","33,850","37,300","44,550","44,150","36,500","32,750","31,100",Kepulauan
Bawang Putih,II,Kepulauan Riau,1,"34,250","33,600","34,950","37,350","37,150","36,400","35,400","34,400","34,500","34,650","36,000","36,750","36,050","35,400","35,650","35,400","34,150","33,000","33,000","31,800","30,250","29,500","30,400","32,600","32,150","31,550","30,900","30,050",Kepulauan
Cabai Merah,II,Kepulauan Riau,1,"57,350","71,450","75,850","55,800","64,550","68,450","55,150","53,900","43,000","39,900","40,700","50,500","78,000","72,500","59,950","67,750","55,300","43,500","41,250","47,650","70,750","83,350","77,600","82,150","56,200","57,150","51,850","41,950",Kepulauan
Cabai Rawit,II,Kepulauan Riau,1,"50,850","53,200","54,100","52,100","58,150","59,450","64,500","56,850","46,450","41,150","37,650","51,750","89,600","83,250","62,950","54,000","44,200","47,900","54,450","48,750","47,000","42,300","48,000","83,750","74,100","70,550","66,850","56,250",Kepulauan
Minyak Goreng,II,Kepulauan Riau,1,"16,300","16,400","16,250","16,400","16,600","17,050","17,050","17,100","17,800","17,850","17,900","18,700","18,950","19,050","19,100","19,150","19,050","19,050","19,000","19,000","19,000","18,800","18,700","18,850","19,150","19,150","19,050","19,450",Kepulauan
Gula Pasir,II,Kepulauan Riau,1,"17,150","16,250","16,200","16,350","16,850","16,850","16,250","16,100","16,150","16,050","15,950","16,850","15,950","16,250","17,200","16,850","16,100","15,800","15,750","15,650","15,650","15,400","15,350","17,350","17,850","17,800","17,800","17,450",Kepulauan
Beras,II,Sumatera Barat,1,"16,350","16,800","17,350","17,500","17,600","17,550","17,200","17,250","17,650","17,600","17,450","17,300","17,200","17,100","17,050","17,050","17,000","16,900","16,900","17,150","17,150","17,050","17,050","17,950","18,200","18,300","18,200","18,150",Sumatera
Daging Ayam,II,Sumatera Barat,1,"45,650","47,750","49,050","48,750","50,150","46,150","43,100","43,800","44,300","47,000","48,400","48,850","50,050","45,350","46,850","44,850","45,750","45,800","47,750","47,000","48,000","48,950","49,800","52,450","52,950","54,150","55,500","55,900",Sumatera
Daging Sapi,II,Sumatera Barat,1,"148,750","148,850","149,900","149,600","150,000","148,000","147,500","147,900","147,250","145,000","145,000","145,000","145,000","146,000","147,850","147,500","147,500","147,500","147,500","146,300","146,250","146,250","146,250","146,250","146,300","149,100","150,250","150,200",Sumatera
Telur Ayam,II,Sumatera Barat,1,"26,600","27,900","29,350","29,100","29,300","28,850","28,200","28,100","28,100","28,100","28,150","29,050","29,250","28,400","28,350","28,300","28,500","28,450","28,800","29,500","29,300","29,800","30,000","30,800","30,250","29,750","30,000","29,950",Sumatera
Bawang Merah,II,Sumatera Barat,1,"34,450","31,850","35,950","45,900","49,050","45,800","30,900","23,200","24,950","31,050","34,000","32,750","39,950","33,150","36,500","40,050","37,900","37,100","44,700","52,400","38,750","32,200","34,000","43,450","40,450","37,100","35,400","39,350",Sumatera
Bawang Putih,II,Sumatera Barat,1,"37,450","37,100","39,050","41,800","42,050","41,500","38,900","38,700","38,500","39,200","39,500","40,650","42,450","41,050","43,050","42,200","39,700","35,400","34,650","34,800","33,750","33,000","32,500","33,350","35,300","36,150","35,500","34,150",Sumatera
Cabai Merah,II,Sumatera Barat,1,"47,100","67,150","68,850","52,800","61,950","63,650","46,250","47,100","33,150","33,600","30,700","37,950","61,550","56,900","52,550","63,150","42,200","31,900","38,500","42,300","78,200","84,100","74,700","72,750","43,150","50,650","43,200","36,350",Sumatera
Cabai Rawit,II,Sumatera Barat,1,"48,000","65,650","68,950","52,900","48,400","51,650","52,450","51,000","49,950","41,550","36,750","43,800","54,950","60,400","47,250","40,450","32,150","26,700","33,950","38,750","43,600","40,650","35,000","69,250","76,700","53,100","40,900","35,300",Sumatera
Minyak Goreng,II,Sumatera Barat,1,"18,000","18,700","19,050","19,000","18,850","18,800","18,700","18,800","18,900","19,150","19,850","20,450","20,450","20,600","21,000","21,000","20,950","20,800","20,750","20,950","20,950","20,800","20,800","20,750","20,700","20,900","21,650","22,700",Sumatera
Gula Pasir,II,Sumatera Barat,1,"17,450","17,600","18,100","18,450","19,050","18,600","18,350","18,250","18,200","18,300","18,400","18,500","19,000","19,100","19,100","19,250","19,100","18,900","18,550","18,450","18,400","18,300","18,250","18,250","18,350","18,500","18,950","19,100",Sumatera
Beras,II,DKI Jakarta,1,"15,450","16,000","16,150","15,750","15,500","15,450","15,650","15,650","15,550","15,550","15,450","15,500","15,700","15,700","15,700","15,700","15,650","15,950","16,150","16,250","16,300","16,300","16,300","16,300","16,400","16,550","16,700","16,800",DKI
Daging Ayam,II,DKI Jakarta,1,"34,550","35,600","38,900","38,900","38,300","37,300","37,100","35,100","35,100","37,450","37,100","36,600","36,900","36,150","37,450","35,400","34,700","36,300","35,700","34,200","40,900","40,450","38,350","43,450","40,400","42,600","44,100","41,150",DKI
Daging Sapi,II,DKI Jakarta,1,"141,650","141,650","141,650","142,400","140,100","140,000","140,000","140,000","140,000","138,650","135,700","134,600","134,600","135,900","138,050","139,100","137,900","137,900","137,550","135,850","135,400","135,400","135,400","137,050","139,200","144,650","148,500","148,400",DKI
Telur Ayam,II,DKI Jakarta,1,"26,800","28,500","31,650","28,700","29,850","28,350","28,250","27,100","26,350","26,850","26,650","29,800","28,600","28,600","29,350","27,600","28,000","27,950","28,950","28,200","28,600","30,800","30,050","31,100","30,000","30,950","31,800","30,300",DKI
Bawang Merah,II,DKI Jakarta,1,"40,250","39,500","38,950","58,450","58,200","48,200","37,200","31,850","31,850","33,500","45,750","45,200","41,600","37,250","57,900","61,800","47,850","50,750","55,700","54,500","42,100","45,600","45,450","51,100","45,650","49,100","51,200","47,550",DKI
Bawang Putih,II,DKI Jakarta,1,"46,450","46,600","47,400","52,750","57,800","50,950","47,800","48,200","48,150","49,000","48,950","51,550","50,400","50,500","53,900","60,150","56,050","52,050","49,700","46,400","44,850","43,550","43,300","44,250","44,450","43,800","44,200","43,900",DKI
Cabai Merah,II,DKI Jakarta,1,"78,300","89,350","82,350","57,650","67,500","63,950","53,650","49,700","43,650","39,750","36,200","50,450","66,700","59,300","68,450","68,650","48,200","49,850","48,000","46,000","60,600","65,800","76,000","63,550","43,700","47,250","55,400","51,300",DKI
Cabai Rawit,II,DKI Jakarta,1,"58,000","62,000","64,350","48,200","47,200","51,000","66,850","67,050","48,350","46,100","39,700","55,850","93,350","80,050","89,500","74,750","42,150","55,200","57,750","44,700","45,100","43,200","46,150","79,350","62,950","80,500","82,350","67,400",DKI
Minyak Goreng,II,DKI Jakarta,1,"18,100","18,250","18,750","18,950","19,150","19,050","19,150","19,100","19,200","19,400","19,850","20,450","20,600","20,750","21,050","21,050","20,950","20,750","20,650","20,700","20,750","20,800","20,850","20,900","20,900","21,050","21,950","22,800",DKI
Gula Pasir,II,DKI Jakarta,1,"18,150","18,150","18,200","18,550","19,600","19,450","19,450","19,450","19,250","19,200","19,300","19,300","19,500","19,650","19,650","19,650","19,650","19,600","19,550","19,500","19,300","19,200","19,050","19,050","19,050","19,200","19,400","19,850",DKI
Beras,II,Riau,1,"15,250","15,350","15,450","15,500","15,700","15,750","15,850","15,850","15,850","15,900","15,900","15,900","15,900","16,000","16,050","16,050","16,050","16,300","16,300","16,300","16,300","16,300","16,300","16,300","16,350","16,350","16,400","16,400",Riau
Daging Ayam,II,Riau,1,"28,750","30,700","30,700","31,450","31,350","28,850","26,500","26,300","26,550","28,650","30,250","32,050","31,700","27,950","29,250","28,350","27,750","28,050","30,400","30,500","31,750","30,850","31,400","33,650","33,550","34,550","35,750","35,050",Riau
Daging Sapi,II,Riau,1,"126,050","126,050","127,500","128,600","128,300","128,100","127,900","128,150","127,100","126,450","126,300","125,700","124,700","124,850","125,600","125,150","124,500","124,450","125,050","125,200","125,200","125,200","125,200","126,100","127,200","128,800","130,450","131,850",Riau
Telur Ayam,II,Riau,1,"27,100","27,450","29,200","29,350","30,150","29,300","29,250","28,700","28,250","27,700","27,750","29,400","31,050","29,500","28,200","27,950","27,800","27,450","28,450","29,400","29,950","30,850","31,550","33,000","31,950","31,050","31,400","31,250",Riau
Bawang Merah,II,Riau,1,"34,450","33,950","36,550","43,400","48,000","42,800","34,700","26,850","25,800","30,050","34,350","33,800","39,900","34,950","35,800","40,300","37,600","37,150","44,300","50,400","41,500","34,650","34,750","47,200","40,150","36,650","36,100","39,500",Riau
Bawang Putih,II,Riau,1,"36,100","35,600","38,100","40,100","40,200","39,450","38,600","38,200","38,100","38,450","39,700","40,800","41,200","40,850","42,100","42,000","39,750","37,350","35,850","36,050","35,650","35,650","35,600","35,900","36,600","35,500","35,150","34,950",Riau
Cabai Merah,II,Riau,1,"47,400","61,700","75,800","56,100","65,750","67,550","52,100","50,950","39,750","39,100","39,100","42,150","63,200","61,700","53,000","64,700","45,000","34,850","35,700","41,050","82,600","92,450","78,050","82,700","50,950","52,100","45,550","35,500",Riau
Cabai Rawit,II,Riau,1,"48,700","54,500","60,800","52,400","46,700","47,500","52,750","58,000","50,450","41,500","36,450","41,350","64,250","67,850","59,400","53,400","35,950","35,000","42,050","47,250","49,950","41,550","40,100","81,250","72,950","54,800","48,950","39,400",Riau
Minyak Goreng,II,Riau,1,"16,850","17,150","17,100","17,150","17,300","17,350","17,450","17,500","17,550","17,800","18,350","19,450","19,750","19,800","19,650","19,550","19,550","19,600","19,750","19,800","19,800","19,750","19,750","19,800","19,850","19,900","20,000","20,450",Riau
Gula Pasir,II,Riau,1,"17,000","17,150","17,350","17,750","18,200","17,800","17,800","17,800","17,900","17,900","17,900","17,900","18,400","18,400","18,750","18,600","18,400","18,300","18,150","18,000","17,950","17,800","17,800","17,750","17,850","18,000","18,700","18,950",Riau
Beras,II,Kepulauan Bangka Belitung,1,"14,650","15,850","16,400","16,200","15,800","15,400","15,150","15,000","15,000","15,000","15,000","15,000","15,000","15,050","15,000","15,000","15,050","15,250","15,350","15,350","15,350","15,300","15,300","15,300","15,200","15,150","15,150","15,250",Kepulauan
Daging Ayam,II,Kepulauan Bangka Belitung,1,"37,850","38,050","36,750","39,000","38,150","36,600","35,900","38,400","36,150","36,400","38,100","39,000","40,200","39,650","34,850","32,850","33,650","37,800","39,550","35,950","38,800","44,000","40,750","40,700","42,900","41,150","43,350","40,750",Kepulauan
Daging Sapi,II,Kepulauan Bangka Belitung,1,"134,750","132,850","133,250","137,650","136,000","135,300","135,350","135,100","135,000","135,000","135,000","135,000","134,950","135,000","137,550","135,650","133,450","133,450","133,450","133,450","133,450","133,450","133,450","134,150","135,000","142,600","147,550","140,550",Kepulauan
Telur Ayam,II,Kepulauan Bangka Belitung,1,"31,050","31,800","33,450","32,800","32,650","32,000","32,100","32,450","32,500","32,350","32,500","32,800","33,300","32,700","32,900","32,900","33,000","32,950","32,750","32,650","32,700","33,350","33,750","33,050","33,300","33,750","33,750","33,750",Kepulauan
Bawang Merah,II,Kepulauan Bangka Belitung,1,"41,000","37,900","40,000","56,950","60,650","50,900","36,900","29,450","29,800","31,950","39,750","42,600","43,750","40,000","52,950","61,550","49,700","49,900","53,000","57,700","46,150","44,550","47,600","52,500","44,900","47,100","50,550","51,100",Kepulauan
Bawang Putih,II,Kepulauan Bangka Belitung,1,"40,250","39,700","40,800","42,350","43,000","42,050","40,350","40,050","40,300","39,950","40,350","42,000","42,050","43,300","45,150","46,200","41,400","37,950","37,600","37,100","37,100","37,900","37,300","38,600","38,350","38,300","38,150","37,200",Kepulauan
Cabai Merah,II,Kepulauan Bangka Belitung,1,"72,550","81,400","75,850","59,750","58,650","62,150","53,250","51,650","39,150","33,550","32,800","41,950","76,300","67,000","62,900","73,850","51,950","48,100","48,500","48,100","67,400","73,050","68,750","77,000","56,450","56,700","58,200","47,050",Kepulauan
Cabai Rawit,II,Kepulauan Bangka Belitung,1,"66,950","71,100","68,800","59,350","55,950","55,150","64,450","69,800","53,350","51,850","46,200","43,400","81,700","76,050","84,500","89,550","55,100","64,250","66,900","56,700","59,350","57,000","51,600","79,550","70,700","73,250","72,950","72,950",Kepulauan
Minyak Goreng,II,Kepulauan Bangka Belitung,1,"16,850","16,800","17,100","17,000","17,150","17,300","17,200","17,250","17,500","17,600","17,750","18,100","18,600","19,550","19,350","19,300","19,250","19,250","19,200","19,200","19,200","19,150","19,000","18,750","19,150","19,200","19,800","20,450",Kepulauan
Gula Pasir,II,Kepulauan Bangka Belitung,1,"17,050","17,100","17,200","17,450","18,050","18,050","17,900","17,850","17,800","17,800","17,850","17,850","18,050","18,500","18,550","18,600","18,450","18,450","18,450","18,450","18,450","18,400","18,350","18,250","18,250","18,300","18,300","18,700",Kepulauan
Beras,II,Kalimantan Utara,1,"16,150","16,550","16,900","17,050","16,950","16,900","16,750","16,750","16,700","16,650","16,650","16,650","16,550","16,550","16,550","16,550","16,600","16,650","16,950","17,150","17,450","17,300","17,250","17,250","17,200","17,450","17,650","17,750",Kalimantan
Daging Ayam,II,Kalimantan Utara,1,"49,150","52,300","49,500","48,450","48,150","48,050","44,950","46,200","44,800","46,300","43,650","43,750","48,100","48,900","46,550","45,200","43,400","41,650","42,450","44,250","44,850","45,400","45,300","45,000","44,700","47,600","50,950","49,150",Kalimantan
Daging Sapi,II,Kalimantan Utara,1,"129,650","133,500","131,900","131,900","131,800","132,200","130,150","129,050","128,450","130,300","126,250","129,750","126,900","131,500","137,700","141,350","148,900","149,150","149,400","149,400","149,050","147,400","148,200","144,600","146,650","149,500","152,350","160,350",Kalimantan
Telur Ayam,II,Kalimantan Utara,1,"30,500","31,150","34,450","33,800","33,150","32,800","32,250","30,950","30,300","31,050","30,850","31,550","32,850","31,400","32,300","31,950","31,650","31,650","31,400","31,550","32,250","33,400","32,750","33,650","33,250","32,950","34,650","33,750",Kalimantan
Bawang Merah,II,Kalimantan Utara,1,"51,500","47,200","42,050","49,000","53,750","48,950","42,550","34,100","35,650","36,850","45,350","50,850","46,000","44,100","48,250","51,000","46,450","49,400","56,750","59,500","53,050","47,450","45,200","53,700","50,850","47,750","50,900","56,650",Kalimantan
Bawang Putih,II,Kalimantan Utara,1,"44,750","43,950","44,800","46,500","49,000","47,350","45,400","43,900","43,900","43,550","45,150","47,150","46,550","45,700","47,250","48,250","46,400","46,450","48,600","46,450","42,850","42,300","42,900","42,950","41,000","41,150","41,100","41,150",Kalimantan
Cabai Merah,II,Kalimantan Utara,1,"71,050","74,600","82,950","74,100","72,150","88,950","77,050","71,600","64,950","63,750","62,300","65,300","71,350","74,250","94,650","89,200","86,000","81,550","77,350","68,900","61,700","57,450","61,000","58,950","56,000","59,900","74,150","63,650",Kalimantan
Cabai Rawit,II,Kalimantan Utara,1,"95,150","97,100","110,250","97,800","96,000","89,300","97,250","96,350","86,700","82,300","81,050","89,750","110,150","112,250","157,400","127,200","94,750","78,750","88,050","77,100","69,700","64,150","68,700","86,050","83,250","97,900","128,500","114,700",Kalimantan
Minyak Goreng,II,Kalimantan Utara,1,"19,750","19,650","19,700","19,650","19,400","19,600","20,050","20,150","20,450","20,600","20,850","20,900","21,000","20,850","20,900","20,900","21,350","21,300","21,100","21,400","21,250","20,800","20,700","20,700","20,950","21,300","21,600","21,950",Kalimantan
Gula Pasir,II,Kalimantan Utara,1,"18,700","18,850","18,950","19,100","19,250","19,450","19,250","19,100","18,950","18,850","18,500","18,500","18,850","19,000","19,000","19,150","19,150","19,200","19,150","19,200","19,250","19,250","19,150","19,150","19,000","19,000","19,150","19,500",Kalimantan
Beras,II,Sulawesi Barat,1,"13,600","14,400","15,100","14,150","13,750","13,800","13,900","13,800","13,650","13,300","13,250","13,200","13,300","13,450","13,500","13,500","13,600","14,050","15,000","15,050","14,850","14,550","14,350","14,350","14,350","14,350","14,350","14,400",Sulawesi
Daging Ayam,II,Sulawesi Barat,1,"31,250","29,200","31,350","31,000","29,200","27,950","25,600","24,100","23,750","25,650","27,650","28,400","29,450","25,700","26,900","27,450","26,150","26,700","24,850","24,550","25,250","26,250","27,000","30,700","31,100","31,350","32,950","34,800",Sulawesi
Daging Sapi,II,Sulawesi Barat,1,"121,650","123,200","123,550","125,550","125,200","125,000","124,800","125,550","126,700","125,700","125,250","125,000","125,550","126,050","127,400","128,350","128,350","129,600","128,350","128,350","128,350","128,350","128,350","128,350","128,350","128,350","131,200","135,450",Sulawesi
Telur Ayam,II,Sulawesi Barat,1,"23,500","24,450","28,450","27,200","26,400","25,350","24,700","24,500","26,000","27,050","26,600","27,200","27,000","26,050","26,500","26,300","26,150","25,800","25,600","26,100","27,000","27,250","27,050","27,400","27,300","27,550","31,650","30,900",Sulawesi
Bawang Merah,II,Sulawesi Barat,1,"40,150","35,500","30,500","40,000","44,150","38,600","30,800","25,050","26,500","31,550","40,100","41,750","36,950","32,100","36,250","39,050","36,100","40,700","45,400","53,450","48,500","43,350","39,900","48,900","43,950","37,850","38,850","42,600",Sulawesi
Bawang Putih,II,Sulawesi Barat,1,"39,200","38,750","40,600","41,350","42,100","42,300","41,250","39,650","40,000","41,150","41,550","41,900","42,250","42,450","43,300","43,900","43,700","42,800","40,800","40,100","39,900","39,500","39,350","39,950","40,500","40,000","40,050","40,500",Sulawesi
Cabai Merah,II,Sulawesi Barat,1,"41,650","50,400","49,950","31,000","29,200","39,200","33,950","32,750","25,750","19,550","20,250","22,650","31,700","35,300","44,700","43,650","43,450","38,250","32,250","33,150","34,800","36,850","39,600","36,200","22,900","22,350","32,550","31,850",Sulawesi
Cabai Rawit,II,Sulawesi Barat,1,"42,500","30,800","38,100","41,600","35,100","40,500","41,200","45,300","33,100","30,900","30,450","30,250","47,750","44,400","63,850","56,400","47,300","40,200","41,150","35,050","35,500","32,450","28,550","41,050","33,850","39,250","43,850","48,500",Sulawesi
Minyak Goreng,II,Sulawesi Barat,1,"19,500","19,100","19,050","19,050","19,100","19,300","19,500","19,550","19,900","20,150","20,500","20,600","20,800","20,800","20,950","21,000","21,100","21,150","21,100","20,950","21,000","21,000","21,050","21,050","21,050","21,050","21,050","21,400",Sulawesi
Gula Pasir,II,Sulawesi Barat,1,"17,200","17,250","17,500","17,800","17,700","17,650","17,650","17,650","17,650","17,650","17,850","17,550","18,000","18,350","18,450","18,600","18,750","18,900","18,450","18,100","18,100","18,100","18,100","18,100","18,100","18,100","18,100","18,300",Sulawesi
